gene,drug_class,in_BC_network,dynamics_flag,max_downstream,max_condition,best_crossdonor,n_conditions,dynamics_note
SIK3,kinase,True,True,1809,Stim48hr,0.6516811387814639,3,kinase; activation-loop/DFG dynamics like other AMPK-family kinases; ATP-site selectivity hard
STK11,kinase,True,True,1170,Stim8hr,0.6280426267799278,3,"LKB1 kinase; allosteric activation by STRAD/MO25 — conformational switch, hard to drug directly"
CDK2,kinase,True,True,346,Stim48hr,0.6933823398927679,2,FeatureDock's own case; inactive/active DFG + cryptic allosteric pocket (1B38 vs 6GUE)
ATM,kinase,True,True,142,Stim48hr,0.6662937660863086,3,giant PIKK; autoinhibited dimer→active monomer conformational transition
PTEN,,True,True,2928,Rest,0.7699189942989336,3,C2/phosphatase inter-domain dynamics + disordered C-tail autoinhibition
TSPYL5,,True,False,2232,Stim8hr,0.4243033721384048,1,
SMARCB1,,True,False,2129,Rest,0.597225608993055,3,
TP53,,True,False,1848,Rest,0.8175977219400455,3,
GATA3,,True,False,1252,Stim48hr,0.7249957295791297,3,
CBFB,,True,False,1132,Stim48hr,0.4962250968672,3,
RNF20,,True,False,934,Stim48hr,0.4998445573699433,2,
ACOT7,,True,False,844,Stim48hr,0.4301467833457322,1,
MTHFD2,,True,False,797,Stim48hr,0.4677794358721457,1,
THOC6,,True,False,363,Stim48hr,0.6898401782770414,3,
PDK1,,True,True,284,Rest,0.3321263992938202,1,PIF-pocket allosteric site; well-known conformational activation
DHX30,,True,False,276,Stim48hr,0.3499366173300304,1,
RICTOR,,True,False,268,Stim48hr,0.6072359892371816,3,
SPTLC2,,True,False,231,Stim48hr,0.449013990396709,1,
WDR48,,True,False,196,Rest,0.5219008673263599,2,
RAD51B,,True,False,172,Stim48hr,0.4974303549956546,3,
AVEN,,True,False,156,Stim8hr,0.6114986298766377,1,
HRAS,,True,True,139,Stim48hr,0.7103648944630137,1,switch-I/II µs-ms exchange; the cryptic pocket story (KRAS G12C) rests on transient states
NUP37,,True,False,101,Stim48hr,0.558376938868632,1,
SMARCD1,,True,False,100,Rest,0.5113373753832914,3,
CMAS,,True,False,95,Rest,0.6789439059253088,2,
BMI1,,True,False,91,Stim8hr,0.5809795245834213,2,
FANCC,,True,False,76,Stim48hr,0.4022789096050236,1,
DHX9,,True,False,66,Stim8hr,0.343262304958236,1,
ARID1A,,True,False,63,Stim48hr,0.6420299135864243,1,
CTNNB1,,True,False,59,Stim48hr,0.6009327558588063,1,
AP2A1,,True,False,54,Stim48hr,0.4119460322536669,1,
CCNE1,,True,False,44,Stim8hr,0.4698323782582119,1,
ATP2A2,transporter,False,False,3518,Rest,0.6598386913323104,3,
SLC3A2,transporter,False,False,2491,Stim8hr,0.6183246026635073,2,
SLC35B1,transporter,False,False,1541,Stim8hr,0.6239128865851443,3,
SLC31A1,transporter,False,False,1343,Rest,0.4330031719168992,2,
ATP5F1A,transporter,False,False,1020,Stim48hr,0.4817285382198316,2,
XPR1,transporter,False,False,813,Stim8hr,0.5199093508559676,3,
ATP5ME,transporter,False,False,732,Stim48hr,0.6309607931166555,2,
SFXN1,transporter,False,False,712,Stim48hr,0.5296028268718528,1,
MTCH2,transporter,False,False,692,Stim48hr,0.5033078191661811,1,
ATP5MF,transporter,False,False,688,Stim48hr,0.5062604093145319,1,
SLC35C2,transporter,False,False,672,Rest,0.5882658051407127,1,
ATP5F1E,transporter,False,False,425,Stim48hr,0.3485002159522604,1,
SLC16A1,transporter,False,False,386,Stim48hr,0.5247953324361995,1,
LETM2,transporter,False,False,385,Stim48hr,0.3157105856813119,1,
SLC25A1,transporter,False,False,376,Stim48hr,0.5252001855325857,2,
ATP1B3,transporter,False,False,328,Rest,0.431788855573129,2,
SLC39A6,transporter,False,False,288,Stim8hr,0.8147268220878662,3,
SLC7A6,transporter,False,False,261,Stim8hr,0.4329746493617934,1,
SLC25A22,transporter,False,False,193,Stim8hr,0.421445690440747,2,
SLC25A51,transporter,False,False,192,Rest,0.8244455589754748,3,
SLC27A3,transporter,False,False,187,Rest,0.550070108212229,1,
SLC25A28,transporter,False,False,141,Stim48hr,0.4068880071461572,1,
SLC25A26,transporter,False,False,82,Stim8hr,0.5404790800677598,1,
ATP2A3,transporter,False,False,79,Stim8hr,0.6290729565529111,1,
SLC25A3,transporter,False,False,75,Rest,0.3000158351583236,1,
SLC35A2,transporter,False,False,63,Rest,0.4834463387625385,1,
SLC9A6,transporter,False,False,61,Stim48hr,0.4764137157567426,1,
ABCC1,transporter,False,False,53,Stim8hr,0.5512238611019272,2,
ATP2B1,transporter,False,False,42,Stim8hr,0.6200693088246898,2,
SLC16A5,transporter,False,False,37,Rest,0.8383733915454435,1,
ABCC4,transporter,False,False,34,Stim48hr,0.3803030750316867,1,
SLC33A1,transporter,False,False,31,Rest,0.4228325481297282,1,
MFSD4B,transporter,False,False,30,Stim48hr,0.7697766713899453,1,
SLC35E3,transporter,False,False,30,Stim8hr,0.5562889403764435,1,
RXRB,nuclear_receptor,False,False,421,Stim48hr,0.4325857157360109,2,
NR4A3,nuclear_receptor,False,False,395,Stim48hr,0.7440411895337374,2,
THRA,nuclear_receptor,False,False,336,Rest,0.6024051456523397,1,
NR2C2,nuclear_receptor,False,False,284,Rest,0.615546622993849,3,
INSR,kinase;catalytic_receptor,False,False,1365,Rest,0.6069335872115028,2,
ITGAL,kinase;catalytic_receptor,False,False,42,Stim8hr,0.5431320493095956,1,
ZAP70,kinase,False,False,5021,Stim8hr,0.7835501162583993,3,
ITK,kinase,False,False,3392,Stim8hr,0.607055441442549,2,
LCK,kinase,False,False,2413,Stim8hr,0.6090761699866419,3,
SMG1,kinase,False,False,2033,Rest,0.3355629112800879,1,
PIM1,kinase,False,False,978,Rest,0.4690553446058381,2,
CDK13,kinase,False,False,889,Stim48hr,0.7193679066070886,3,
SCYL3,kinase,False,False,881,Stim48hr,0.3612039263027368,2,
NRBP1,kinase,False,False,627,Stim8hr,0.3766578267298173,2,
CSK,kinase,False,False,547,Rest,0.7260565557532028,3,
RIPK1,kinase,False,False,437,Rest,0.6837968499333839,3,
PAN3,kinase,False,False,349,Stim48hr,0.8677313220616716,3,
WNK1,kinase,False,False,331,Rest,0.3701609644343415,2,
PDPK1,kinase,False,False,309,Stim48hr,0.6400706345181433,3,
PRKDC,kinase,False,False,260,Stim48hr,0.4914890970261667,1,
PAK2,kinase,False,False,146,Rest,0.7652223515956337,3,
ERN1,kinase,False,False,123,Rest,0.7437926507593797,2,
TRIB2,kinase,False,False,107,Rest,0.6975609225951116,2,
GRK6,kinase,False,False,103,Stim48hr,0.7208734632103339,1,
STK35,kinase,False,False,94,Rest,0.901628568053956,3,
TESK2,kinase,False,False,70,Stim48hr,0.3224599941729409,1,
NEK1,kinase,False,False,66,Rest,0.8396681711930861,1,
MARK2,kinase,False,False,65,Stim8hr,0.604150984692123,1,
NEK3,kinase,False,False,61,Stim48hr,0.3802887244959061,1,
STK40,kinase,False,False,55,Stim8hr,0.4102533042602108,1,
TYK2,kinase,False,False,53,Stim48hr,0.725391636877435,2,
SRPK1,kinase,False,False,43,Rest,0.9072924310293756,1,
HIPK1,kinase,False,False,39,Stim8hr,0.379614266075958,1,
SLK,kinase,False,False,35,Stim8hr,0.6370352749684154,1,
JAK2,kinase,False,False,33,Stim8hr,0.5029307349071555,1,
ITPR1,ion_channel,False,False,391,Stim48hr,0.4406287345672621,1,
GJC1,ion_channel,False,False,284,Rest,0.387457577221547,2,
CATSPERG,ion_channel,False,False,222,Stim48hr,0.3924145925106468,1,
LRRC8B,ion_channel,False,False,57,Stim48hr,0.3605686097860098,1,
LRRC8D,ion_channel,False,False,45,Stim48hr,0.4380275594606767,1,
CHRNB1,ion_channel,False,False,35,Stim8hr,0.48076078228694,1,
PTPRC,catalytic_receptor,False,False,3225,Stim48hr,0.6543320693892984,3,
IL2RB,catalytic_receptor,False,False,1069,Stim48hr,0.6481051459118855,2,
IL4R,catalytic_receptor,False,False,728,Stim48hr,0.6696799000628979,2,
NLRX1,catalytic_receptor,False,False,488,Rest,0.5617226310961906,1,
TNFRSF10B,catalytic_receptor,False,False,266,Rest,0.633098777993508,1,
IL23R,catalytic_receptor,False,False,255,Rest,0.5696838547475881,1,
ITGB2,catalytic_receptor,False,False,133,Rest,0.7742482385705914,2,
IFNGR1,catalytic_receptor,False,False,109,Stim8hr,0.6480869656528984,1,
IL21R,catalytic_receptor,False,False,106,Stim48hr,0.6002018092195197,2,
IFNLR1,catalytic_receptor,False,False,85,Rest,0.3587311146430947,1,
IFNGR2,catalytic_receptor,False,False,69,Stim8hr,0.4959179421306225,1,
IFNAR1,catalytic_receptor,False,False,56,Stim8hr,0.6599029407028679,3,
TNFRSF1A,catalytic_receptor,False,False,46,Rest,0.7622662488712875,1,
RELT,catalytic_receptor,False,False,35,Stim8hr,0.4535496922812081,1,
FZD6,GPCR,False,False,1394,Stim8hr,0.4428664526741234,1,
GPR137,GPCR,False,False,93,Stim8hr,0.453498910836313,2,
S1PR4,GPCR,False,False,48,Rest,0.7451673916848872,1,
ADGRG5,GPCR,False,False,38,Stim8hr,0.5513108765285966,2,
TADA2B,,False,False,5919,Stim8hr,0.7305321998148212,3,
CD3E,,False,False,5710,Stim8hr,0.7880160711069452,2,
LAT,,False,False,5535,Stim8hr,0.696844881625302,2,
SENP5,,False,False,5171,Stim8hr,0.6491376775965109,3,
PLCG1,,False,False,5032,Stim8hr,0.735351086294003,2,
CD3D,,False,False,4983,Stim8hr,0.7717318145748416,1,
LCP2,,False,False,4981,Stim8hr,0.7656418390628641,1,
CD3G,,False,False,4965,Stim8hr,0.7486901133575331,2,
VAV1,,False,False,4897,Stim8hr,0.6880584530316985,3,
SGF29,,False,False,4868,Stim48hr,0.6415564772244192,3,
TAF6L,,False,False,4638,Stim8hr,0.6982227272869946,3,
SUPT7L,,False,False,4330,Stim8hr,0.4793070964023544,3,
CD247,,False,False,4329,Stim8hr,0.7169121804958944,2,
ELOF1,,False,False,4257,Stim48hr,0.515506084169419,3,
MED12,,False,False,4141,Stim8hr,0.7370848851627493,3,
CCNC,,False,False,4090,Stim48hr,0.4181245999832098,3,
SUPT20H,,False,False,3947,Stim8hr,0.6104108113162073,3,
MED19,,False,False,3868,Stim8hr,0.5845785199661471,3,
ATAD5,,False,False,3790,Rest,0.733112464468984,3,
BRD8,,False,False,3692,Stim8hr,0.5728318875925166,3,
BCAT2,,False,False,3677,Stim8hr,0.6478241416562976,2,
TADA1,,False,False,3648,Stim8hr,0.6132944621976744,3,
DENR,,False,False,3636,Stim8hr,0.6125827295374654,3,
PMVK,,False,False,3527,Stim48hr,0.6891297460692861,3,
BCL10,,False,False,3455,Stim8hr,0.5912370580946318,2,
TAF13,,False,False,3341,Stim8hr,0.6490198799661435,3,
SMARCE1,,False,False,3266,Stim8hr,0.711098727950493,3,
ELOB,,False,False,3051,Stim8hr,0.5712293987490485,3,
NFRKB,,False,False,3019,Rest,0.73099709584576,3,
LEO1,,False,False,3014,Rest,0.6252815380618597,3,
PGGT1B,,False,False,3013,Stim8hr,0.5580550531793865,2,
LRBA,,False,False,2992,Stim8hr,0.6227153393845225,2,
CREBBP,,False,False,2968,Stim8hr,0.6798162034925976,3,
TFAM,,False,False,2960,Stim48hr,0.8032861257139978,3,
ARNT,,False,False,2946,Stim48hr,0.7906346406857209,3,
NCKAP1L,,False,False,2946,Rest,0.6847845860038744,3,
TAF11,,False,False,2929,Stim8hr,0.61067666131835,3,
KDM1A,,False,False,2912,Stim48hr,0.7585742621025527,3,
MED15,,False,False,2806,Rest,0.647521738684884,3,
MED24,,False,False,2794,Stim8hr,0.741860870664107,3,
AHR,,False,False,2789,Rest,0.7679028497179644,3,
SMARCA5,,False,False,2785,Rest,0.6263183063468368,2,
RPRD2,,False,False,2754,Stim48hr,0.5969148553970319,3,
ATF7IP2,,False,False,2730,Stim8hr,0.4158749464747546,2,
DNTTIP1,,False,False,2724,Stim8hr,0.6749773867996316,3,
DOLPP1,,False,False,2717,Stim8hr,0.6531534160686753,3,
YTHDF2,,False,False,2617,Stim48hr,0.5889465420621139,3,
FITM2,,False,False,2606,Stim8hr,0.5922428228430764,2,
TMED9,,False,False,2576,Stim8hr,0.6335831642618291,3,
CARMIL2,,False,False,2544,Stim8hr,0.6191894152270218,3,
EIF4G2,,False,False,2529,Stim8hr,0.5698259900410684,3,
CPSF6,,False,False,2486,Stim8hr,0.6575468652647319,3,
WAC,,False,False,2475,Stim8hr,0.6827108877017606,3,
EWSR1,,False,False,2451,Rest,0.6959820710922533,3,
ACLY,,False,False,2431,Stim48hr,0.5895239131438289,2,
NPC2,,False,False,2419,Stim48hr,0.6223150871647705,3,
USP22,,False,False,2380,Stim8hr,0.6690849153302283,3,
CALCOCO2,,False,False,2351,Stim8hr,0.7085425493100236,2,
TMX1,,False,False,2346,Stim8hr,0.7009748661601596,2,
DHX36,,False,False,2326,Rest,0.6187924098967912,3,
MPI,,False,False,2294,Stim8hr,0.6657864269191665,2,
SETDB1,,False,False,2290,Rest,0.8220993199900265,3,
RTRAF,,False,False,2286,Stim8hr,0.6584232269486933,3,
UFM1,,False,False,2278,Stim8hr,0.6611672709579418,3,
CHD7,,False,False,2277,Stim8hr,0.5123846653760314,3,
PDSS2,,False,False,2226,Stim8hr,0.5504553542270966,3,
MAX,,False,False,2222,Stim8hr,0.5725178259619729,1,
NSD1,,False,False,2174,Stim48hr,0.6742606821765852,3,
ELAVL1,,False,False,2169,Stim8hr,0.6897936066477829,3,
MEN1,,False,False,2156,Stim48hr,0.614224549530916,3,
MIPEP,,False,False,2143,Stim48hr,0.6871047278093142,3,
NUDCD1,,False,False,2135,Stim48hr,0.7259430086890365,3,
XRRA1,,False,False,2123,Stim8hr,0.558369120481898,3,
NAA30,,False,False,2084,Stim8hr,0.4244103650338851,3,
INTS10,,False,False,2075,Stim48hr,0.544508565419154,3,
LAMTOR2,,False,False,2062,Stim48hr,0.5787046883305744,3,
EFR3A,,False,False,2029,Stim8hr,0.5165855252821195,1,
TRIP12,,False,False,2012,Rest,0.6984840088170898,3,
NCOR1,,False,False,2006,Stim48hr,0.6839331326720973,3,
BHLHE40,,False,False,1996,Stim8hr,0.7372858443192283,3,
ATXN7L3,,False,False,1941,Stim8hr,0.6024229709650101,3,
LRPPRC,,False,False,1925,Stim48hr,0.7083371725286173,3,
NDUFAF3,,False,False,1922,Stim48hr,0.621930684582204,1,
UBE2L3,,False,False,1904,Rest,0.4309950732137584,2,
MTG1,,False,False,1893,Stim48hr,0.6021547432832436,1,
GRSF1,,False,False,1848,Stim48hr,0.6385413558525311,1,
PKM,,False,False,1840,Stim8hr,0.7640336889515104,3,
ARHGAP30,,False,False,1839,Rest,0.7659508746374054,3,
TARS2,,False,False,1823,Stim8hr,0.4987354698954971,2,
DNAJC8,,False,False,1817,Stim48hr,0.6110640916135868,3,
CSDE1,,False,False,1813,Rest,0.5727314916565088,3,
CD28,,False,False,1797,Stim48hr,0.670151507520421,2,
WDR82,,False,False,1791,Stim8hr,0.7520233611230758,3,
BRPF1,,False,False,1787,Stim8hr,0.6497364491485618,3,
GPI,,False,False,1779,Stim48hr,0.7318368432441114,3,
KIF20A,,False,False,1779,Stim8hr,0.516927484755025,3,
SMG7,,False,False,1764,Stim8hr,0.4667197737849052,3,
ARF1,,False,False,1753,Rest,0.4958194495329733,2,
CLCC1,,False,False,1731,Stim48hr,0.6075791369798736,2,
RRAGA,,False,False,1731,Stim48hr,0.6902312980843058,3,
MTA2,,False,False,1728,Stim8hr,0.6032549163561712,3,
DDRGK1,,False,False,1705,Stim8hr,0.6148520062271358,3,
UBR5,,False,False,1705,Stim8hr,0.6859984175056288,3,
STRAP,,False,False,1699,Rest,0.5589025031811211,3,
TP53INP2,,False,False,1692,Stim48hr,0.6395516400343405,2,
EIF4G1,,False,False,1678,Stim8hr,0.6300022568233613,2,
TSC1,,False,False,1675,Rest,0.6700827177885339,3,
CYB5R4,,False,False,1674,Stim8hr,0.56241547562069,3,
SP2,,False,False,1670,Stim8hr,0.7713852604433685,3,
BRMS1,,False,False,1662,Stim48hr,0.640805375701988,3,
MAEA,,False,False,1650,Rest,0.4727164076542438,2,
MALT1,,False,False,1639,Stim8hr,0.6350755752999047,2,
TRAF3,,False,False,1625,Stim8hr,0.6746100158177909,3,
NFAT5,,False,False,1623,Rest,0.6185283300427366,1,
SIN3B,,False,False,1613,Stim48hr,0.6055824195156971,3,
POLG,,False,False,1600,Stim48hr,0.7043430851963303,3,
STAT3,,False,False,1592,Stim48hr,0.6769306100051743,3,
KIFAP3,,False,False,1584,Rest,0.5558956876614476,3,
GABPB1,,False,False,1581,Stim8hr,0.5887220969407712,3,
MIA2,,False,False,1565,Stim48hr,0.6328756786261861,2,
DOHH,,False,False,1562,Stim8hr,0.4842269776598657,3,
TNRC6A,,False,False,1546,Stim48hr,0.6996113614274421,3,
OXA1L,,False,False,1541,Stim48hr,0.6503568178799647,3,
USP7,,False,False,1536,Stim8hr,0.6046516737061977,3,
UBE2E2,,False,False,1523,Stim8hr,0.3428290200965769,2,
CHD4,,False,False,1516,Stim8hr,0.6339158018393732,3,
RBM10,,False,False,1504,Stim48hr,0.6408199714924917,3,
PDCL,,False,False,1501,Stim48hr,0.6148134987139774,3,
ISCA2,,False,False,1500,Stim48hr,0.5457873357230927,3,
SEL1L,,False,False,1496,Rest,0.5370224613534863,3,
COX6C,,False,False,1493,Stim8hr,0.3667798857785515,1,
BTAF1,,False,False,1492,Stim8hr,0.6526975138485366,3,
TNPO1,,False,False,1448,Stim48hr,0.7111590117023031,3,
STIP1,,False,False,1445,Stim48hr,0.6607867561296902,3,
CASC3,,False,False,1430,Stim8hr,0.5785955145038758,3,
EHMT2,,False,False,1428,Rest,0.7810847889292148,3,
FAM98B,,False,False,1427,Stim48hr,0.6623659643373682,3,
HACD2,,False,False,1423,Stim48hr,0.7890528924077017,1,
PRKAR1A,,False,False,1390,Stim8hr,0.6645427989944657,3,
PPM1D,,False,False,1389,Rest,0.6040033033867827,3,
USO1,,False,False,1381,Stim8hr,0.4767931570454789,2,
HCCS,,False,False,1372,Stim8hr,0.4778137742067014,3,
TEP1,,False,False,1362,Rest,0.4233721622672575,2,
MCTS1,,False,False,1360,Stim8hr,0.6883509578862975,3,
HEXIM1,,False,False,1357,Stim48hr,0.7583762968764823,3,
FBXO32,,False,False,1354,Rest,0.4377960261374764,1,
MRC2,,False,False,1350,Stim48hr,0.6900454944854838,3,
NFKB2,,False,False,1349,Stim8hr,0.4242814792931716,2,
BCS1L,,False,False,1337,Stim48hr,0.531512238007868,3,
CXXC1,,False,False,1337,Stim8hr,0.4085801603702575,3,
FOXO1,,False,False,1327,Rest,0.647033610669283,3,
MYB,,False,False,1324,Rest,0.5494420148174585,3,
CCND2,,False,False,1320,Stim8hr,0.6724306262244473,2,
UFL1,,False,False,1320,Stim8hr,0.5688598758534259,3,
RRAGC,,False,False,1318,Stim48hr,0.8585480032935352,3,
THAP11,,False,False,1297,Stim8hr,0.5030363536879868,2,
CFAP20,,False,False,1292,Stim48hr,0.6350409980617463,3,
TIPRL,,False,False,1289,Stim8hr,0.5998258598177612,3,
WDR59,,False,False,1286,Stim48hr,0.6266985903660731,3,
DLG4,,False,False,1285,Rest,0.4251891394943728,1,
METTL1,,False,False,1282,Stim48hr,0.64767541500634,3,
BRK1,,False,False,1276,Stim8hr,0.59956359846106,2,
UBC,,False,False,1271,Rest,0.6375399122476746,2,
MBTPS1,,False,False,1270,Stim48hr,0.7819955470641418,3,
TRRAP,,False,False,1256,Stim8hr,0.4867006331903192,2,
CDC25B,,False,False,1255,Rest,0.4281310915168507,3,
DPH5,,False,False,1253,Stim48hr,0.4942655322872316,3,
FUBP1,,False,False,1252,Stim48hr,0.5139076102344835,3,
ORAI1,,False,False,1249,Stim8hr,0.4454240165905007,1,
PAXIP1,,False,False,1240,Stim48hr,0.7838067241061139,3,
DUSP12,,False,False,1238,Rest,0.5833135448767377,2,
PNPT1,,False,False,1237,Stim8hr,0.4967010076805444,2,
RPUSD3,,False,False,1237,Stim48hr,0.6496546812543404,1,
UBR4,,False,False,1208,Rest,0.6272948320310895,3,
CD5,,False,False,1200,Stim48hr,0.7760901943973386,2,
THRAP3,,False,False,1199,Rest,0.6661436964172315,3,
UVRAG,,False,False,1195,Rest,0.5281556656365777,2,
DOCK2,,False,False,1179,Rest,0.5747015438573452,3,
NCAPG2,,False,False,1178,Stim48hr,0.4198373002189739,1,
ANKRD61,,False,False,1176,Stim48hr,0.7586142343694026,2,
LIG3,,False,False,1176,Stim48hr,0.5473357736482607,1,
SP140L,,False,False,1169,Rest,0.3900161328407779,1,
RCC1L,,False,False,1166,Stim48hr,0.7509815761415309,2,
RBFA,,False,False,1165,Stim48hr,0.5057141268013292,1,
SAMD4B,,False,False,1163,Rest,0.7148888320904767,1,
CAND1,,False,False,1158,Stim8hr,0.6434923805036444,3,
ATP5PO,,False,False,1156,Stim48hr,0.5657225296254927,3,
DDX6,,False,False,1154,Stim48hr,0.4334963279226757,3,
INTS12,,False,False,1147,Stim8hr,0.60321246755052,3,
SRSF10,,False,False,1146,Stim8hr,0.6033755022060178,3,
VARS2,,False,False,1146,Stim48hr,0.6369673076101751,2,
ERCC4,,False,False,1144,Stim48hr,0.4439079137194184,3,
SEC14L2,,False,False,1140,Rest,0.3232594857525638,1,
STAT5B,,False,False,1134,Rest,0.535600967309663,3,
STAT6,,False,False,1127,Stim48hr,0.7391370998990224,2,
UBAP2L,,False,False,1116,Stim8hr,0.6490647672288367,3,
DLAT,,False,False,1115,Stim48hr,0.5006426290006531,1,
GEN1,,False,False,1114,Rest,0.326331942546253,1,
GGA3,,False,False,1112,Rest,0.6610370660173953,2,
OTUD1,,False,False,1109,Rest,0.4362436911520573,1,
PTPA,,False,False,1104,Stim48hr,0.6243654491205279,3,
RNFT2,,False,False,1103,Stim48hr,0.6858928709951636,2,
TSC2,,False,False,1100,Rest,0.6666782172457042,2,
ELP2,,False,False,1097,Stim8hr,0.5734030094179362,3,
RAC2,,False,False,1094,Stim48hr,0.6290009669100062,3,
PCGF1,,False,False,1078,Stim48hr,0.7885250800922837,3,
MOSPD2,,False,False,1077,Rest,0.3245095624619532,1,
INTS13,,False,False,1072,Stim48hr,0.4312824754162838,3,
ATF4,,False,False,1061,Stim8hr,0.5638439935683435,3,
CARS2,,False,False,1058,Stim48hr,0.5390374469136064,1,
LIG1,,False,False,1056,Rest,0.4199637720185261,2,
IMPDH2,,False,False,1054,Stim48hr,0.5598253993839964,2,
MTA3,,False,False,1052,Stim8hr,0.4713026760720735,2,
ACTR2,,False,False,1048,Stim48hr,0.599137633564233,3,
SRF,,False,False,1043,Rest,0.4262451752244678,1,
ARPC2,,False,False,1038,Stim8hr,0.5404930298807936,2,
NDUFA8,,False,False,1037,Stim48hr,0.5898796048436213,1,
RPTOR,,False,False,1028,Stim8hr,0.4563453008434137,2,
CBLB,,False,False,1027,Stim8hr,0.7503447101554669,2,
NSUN4,,False,False,1025,Stim48hr,0.7452124818798306,3,
NELFCD,,False,False,1024,Stim8hr,0.4738546269536092,2,
MED23,,False,False,1011,Stim8hr,0.6986511487397387,3,
SMG9,,False,False,1011,Stim48hr,0.6896856585386599,3,
GTPBP10,,False,False,1003,Stim48hr,0.4553863335658587,1,
GDAP2,,False,False,1001,Stim48hr,0.5276046795383177,3,
AIFM1,,False,False,997,Stim48hr,0.7636277189755534,2,
ELP3,,False,False,995,Stim8hr,0.660045658624429,3,
CD2,,False,False,988,Stim48hr,0.6733894037113334,2,
KLF2,,False,False,986,Rest,0.4744302928671343,1,
RASAL3,,False,False,985,Stim48hr,0.851050864559087,2,
UGDH,,False,False,965,Rest,0.5968302600036868,2,
YY1,,False,False,960,Stim8hr,0.5971753448284308,3,
C1D,,False,False,959,Stim8hr,0.485676243333631,2,
CNOT4,,False,False,957,Stim48hr,0.5914391964411468,3,
SSBP1,,False,False,951,Stim8hr,0.6619095017311497,2,
FH,,False,False,945,Rest,0.5164457151596865,1,
HDAC3,,False,False,943,Rest,0.3815890594208654,2,
KMT5B,,False,False,939,Stim48hr,0.6769906078809657,3,
WARS2,,False,False,938,Stim48hr,0.5237466643968528,2,
ARHGAP27,,False,False,933,Stim8hr,0.5226429529333397,2,
DCP2,,False,False,931,Stim8hr,0.4568553639765221,3,
MBD2,,False,False,926,Stim8hr,0.5348660511284821,2,
CDS2,,False,False,920,Stim8hr,0.5878805434070733,1,
ACTR8,,False,False,919,Rest,0.6525526811919207,3,
IBA57,,False,False,918,Stim48hr,0.6324195189550083,2,
ACACA,,False,False,912,Stim48hr,0.6688183740082098,1,
PPP1R11,,False,False,902,Stim8hr,0.5738880309226032,2,
PDCD5,,False,False,901,Stim48hr,0.7120179968451446,2,
KMT2E,,False,False,895,Stim48hr,0.340502403562187,1,
CTPS1,,False,False,891,Stim8hr,0.4348432900764673,1,
DDX17,,False,False,890,Rest,0.5303856368932341,3,
CCS,,False,False,884,Stim8hr,0.5161610324695413,2,
FNBP4,,False,False,883,Stim8hr,0.3207231181635384,1,
NDUFS8,,False,False,882,Stim48hr,0.5149740587384274,1,
EIF3H,,False,False,877,Rest,0.6105857277106698,3,
PPIH,,False,False,876,Stim8hr,0.6159654689019368,3,
WAPL,,False,False,875,Stim8hr,0.3735810994701401,1,
ARIH1,,False,False,870,Stim48hr,0.4333743015900705,2,
TFB1M,,False,False,865,Stim48hr,0.6050140382032625,1,
CAMSAP1,,False,False,862,Stim8hr,0.5370798781269718,3,
CHTF18,,False,False,857,Stim48hr,0.4549985598186228,3,
PITRM1,,False,False,855,Stim48hr,0.4628637313998433,1,
EGR2,,False,False,854,Stim8hr,0.6104885303677127,2,
PPP1R7,,False,False,837,Stim48hr,0.7651676597974005,3,
CRLS1,,False,False,834,Stim48hr,0.8290957008914276,3,
NDFIP2,,False,False,834,Stim8hr,0.7167048928432359,2,
ATRX,,False,False,830,Stim8hr,0.6851286726983892,3,
ELP1,,False,False,827,Stim8hr,0.5442430419189613,3,
PCYT2,,False,False,827,Rest,0.5707361081783624,3,
KTI12,,False,False,825,Stim8hr,0.6103894677841938,3,
DDX1,,False,False,819,Stim8hr,0.6215682161978675,1,
FOXK1,,False,False,818,Stim8hr,0.7063648198542629,3,
MED1,,False,False,818,Stim8hr,0.6052106676446193,3,
NKAPD1,,False,False,818,Stim48hr,0.5714662208942961,2,
CCNA2,,False,False,817,Stim8hr,0.3962210901925831,3,
ZNF304,,False,False,813,Rest,0.6470888799514946,1,
LARS2,,False,False,812,Stim8hr,0.4505484141800788,2,
SRR,,False,False,812,Stim8hr,0.4474530203415261,3,
SEC61B,,False,False,810,Stim8hr,0.6146337781364878,1,
INTS14,,False,False,809,Rest,0.3912236173019514,3,
SHOC2,,False,False,807,Stim8hr,0.6363932017405958,2,
ALG8,,False,False,806,Stim48hr,0.6097988098197215,3,
HOXB2,,False,False,801,Rest,0.5787677995887833,3,
TWNK,,False,False,801,Stim48hr,0.6989772861166518,3,
EPB41L3,,False,False,800,Stim8hr,0.3805320384813895,1,
COQ6,,False,False,799,Stim48hr,0.6019934200846523,2,
USP13,,False,False,796,Rest,0.4050936495403145,1,
GABARAPL1,,False,False,792,Rest,0.5142095478540157,1,
PPCS,,False,False,791,Stim8hr,0.390663144805512,2,
TMEM30A,,False,False,790,Stim8hr,0.5285189899285879,2,
MTPAP,,False,False,783,Stim48hr,0.413106115299257,2,
MCAT,,False,False,779,Stim48hr,0.3380688920417835,1,
DNAJC2,,False,False,778,Rest,0.5580313932823132,2,
CCNQ,,False,False,776,Stim8hr,0.514353826178301,3,
METAP2,,False,False,771,Rest,0.4278910241316642,3,
MIOS,,False,False,767,Stim48hr,0.4129439186346689,1,
ZNF641,,False,False,765,Stim48hr,0.5795800380882573,3,
CTU2,,False,False,761,Stim8hr,0.6367737808085635,2,
GNA13,,False,False,758,Rest,0.5282456624025352,2,
ZNF837,,False,False,757,Stim48hr,0.5238011614073598,1,
SMG8,,False,False,755,Stim8hr,0.6564474446021578,3,
TMEM214,,False,False,754,Stim48hr,0.6936629807725755,3,
CASP9,,False,False,753,Rest,0.5537996176224349,1,
RELL2,,False,False,738,Stim8hr,0.5724217069759273,2,
CTDSPL2,,False,False,736,Stim48hr,0.6635640537483899,3,
UBE2I,,False,False,733,Stim48hr,0.5976252927723583,3,
EIF1,,False,False,731,Stim8hr,0.6982314827097308,3,
INSIG1,,False,False,730,Stim48hr,0.3426473843877644,1,
MMGT1,,False,False,729,Stim48hr,0.6564695136180277,3,
RBM27,,False,False,725,Stim8hr,0.4236150309499022,2,
RCOR1,,False,False,725,Stim48hr,0.7116311925623382,3,
HMBS,,False,False,723,Stim48hr,0.4809914144380111,1,
WASF2,,False,False,722,Rest,0.747411533971686,3,
UPF2,,False,False,720,Rest,0.3758038423802453,2,
ARPC3,,False,False,719,Stim48hr,0.3749905304968109,2,
ATAD3A,,False,False,719,Stim48hr,0.4831352359085836,1,
DPH6,,False,False,717,Stim48hr,0.5224157404790387,3,
MTHFD1L,,False,False,715,Stim48hr,0.5395466333716076,1,
PGS1,,False,False,713,Rest,0.5840003923534519,3,
KAT14,,False,False,712,Stim8hr,0.6608112653060269,2,
FITM1,,False,False,711,Rest,0.5294633497787827,1,
SACM1L,,False,False,706,Rest,0.3565938236069253,1,
STK19,,False,False,705,Rest,0.5340181562797289,1,
PHF23,,False,False,702,Rest,0.4796471788657286,3,
PTCD2,,False,False,699,Stim48hr,0.6833335654781543,3,
RASA2,,False,False,699,Rest,0.5882115173984503,3,
COQ3,,False,False,698,Rest,0.3976327632242245,1,
YEATS2,,False,False,697,Stim48hr,0.6867656017328748,3,
ECSIT,,False,False,693,Stim48hr,0.6449267116008803,1,
CUL3,,False,False,692,Rest,0.5322258358476062,3,
RBCK1,,False,False,691,Stim48hr,0.6429177212503362,1,
HUWE1,,False,False,687,Rest,0.6008686891969984,1,
IWS1,,False,False,685,Rest,0.6030104777322904,3,
LAMTOR4,,False,False,683,Stim48hr,0.5727263594398977,2,
MEST,,False,False,681,Stim8hr,0.5138547722472486,1,
HSD17B10,,False,False,679,Stim8hr,0.5000100901280565,3,
MYC,,False,False,675,Stim8hr,0.5392380198531139,1,
GANAB,,False,False,670,Stim8hr,0.4472205894248954,1,
ADO,,False,False,667,Rest,0.7922473987222706,2,
ZNF221,,False,False,662,Rest,0.3303398218689055,1,
CCNK,,False,False,661,Stim8hr,0.4670913816797408,2,
CNOT11,,False,False,660,Stim8hr,0.4312354008427738,2,
BATF,,False,False,659,Stim8hr,0.6060844903751618,2,
ZNF554,,False,False,658,Stim48hr,0.5301814359151179,3,
C11ORF54,,False,False,655,Stim48hr,0.6941355427274631,2,
GTF3C6,,False,False,653,Stim8hr,0.4372979561146051,1,
WIZ,,False,False,652,Stim8hr,0.782997334291118,3,
TUFM,,False,False,651,Stim8hr,0.482536210813181,2,
GMEB1,,False,False,650,Stim8hr,0.7086960268682767,3,
PARS2,,False,False,650,Stim8hr,0.5698157642875384,2,
SEC63,,False,False,646,Stim48hr,0.6644717908138164,3,
SEC14L1,,False,False,645,Stim8hr,0.5368305984628169,1,
HNRNPD,,False,False,641,Stim48hr,0.6552733897392794,3,
PACSIN2,,False,False,631,Rest,0.43737866668456,1,
MED13,,False,False,628,Stim48hr,0.8904911967164507,3,
RNASEH1,,False,False,627,Stim48hr,0.5600860069138359,1,
C6ORF62,,False,False,623,Rest,0.3039720386696289,1,
COASY,,False,False,622,Stim8hr,0.3826497440462283,1,
PCBP1,,False,False,615,Stim8hr,0.3613364879189806,3,
POLG2,,False,False,615,Stim48hr,0.6294595124437911,2,
TMED10,,False,False,615,Stim8hr,0.6598903160154277,3,
CCNF,,False,False,614,Rest,0.6868543977042952,3,
PPP3R1,,False,False,612,Stim8hr,0.496387256962261,2,
NUP188,,False,False,611,Stim48hr,0.5538315347053012,3,
ACAD11,,False,False,609,Rest,0.5502058720674433,3,
CAD,,False,False,609,Stim8hr,0.4062832172358173,2,
AMBRA1,,False,False,607,Stim48hr,0.7038100655352464,1,
ACAD9,,False,False,606,Stim48hr,0.5880237121343609,1,
BPTF,,False,False,603,Stim8hr,0.6708121072634933,3,
CFAP97,,False,False,600,Rest,0.3093102491139762,1,
SCAF4,,False,False,599,Stim48hr,0.7561526303613805,3,
EMC4,,False,False,595,Stim48hr,0.7276301277935038,3,
DR1,,False,False,594,Stim48hr,0.6509636453099444,3,
ZFC3H1,,False,False,590,Stim8hr,0.5690956714986769,3,
ACTR5,,False,False,584,Stim8hr,0.5456022067443128,3,
NIPBL,,False,False,583,Stim48hr,0.3626654796267205,1,
STYXL1,,False,False,583,Stim48hr,0.5191315075689354,3,
SAMD1,,False,False,582,Stim48hr,0.78307415652929,3,
UQCRB,,False,False,578,Stim48hr,0.5886719046094778,3,
RPRD1B,,False,False,577,Stim8hr,0.3156283275218192,1,
UBA5,,False,False,572,Stim8hr,0.5695684080932882,3,
CUL4B,,False,False,571,Rest,0.5910568733966807,2,
PPIL1,,False,False,570,Rest,0.4996899624885047,3,
CHMP1A,,False,False,569,Rest,0.3612724405194405,2,
MLST8,,False,False,563,Stim48hr,0.6708801964455257,3,
NAA20,,False,False,562,Stim8hr,0.3571450226659538,2,
CBX5,,False,False,561,Stim48hr,0.6404923956907721,3,
PAGR1,,False,False,560,Stim8hr,0.7451347133165648,3,
SUPT3H,,False,False,557,Rest,0.4184209114959895,1,
IST1,,False,False,553,Rest,0.6374205458483672,3,
RIDA,,False,False,553,Stim48hr,0.4074172627479933,1,
ANKRD49,,False,False,550,Rest,0.4590116294400657,2,
DOP1A,,False,False,549,Stim48hr,0.7182866262179585,3,
HACD4,,False,False,546,Stim8hr,0.4549592978311697,1,
COPS8,,False,False,545,Rest,0.5122003403004803,1,
COA7,,False,False,543,Stim48hr,0.6917590667012513,3,
ZBTB7A,,False,False,542,Rest,0.4721729023519629,1,
FIGNL1,,False,False,538,Rest,0.5534903801889071,2,
GADD45GIP1,,False,False,536,Stim48hr,0.6165550120367892,2,
VPS8,,False,False,536,Stim48hr,0.5598106534445163,1,
INPP5D,,False,False,535,Stim48hr,0.6820539085450855,1,
LSM12,,False,False,534,Rest,0.6097976870128493,2,
COA3,,False,False,533,Stim48hr,0.5093438943533833,2,
DHPS,,False,False,531,Rest,0.4784451321323884,2,
KPNA1,,False,False,530,Rest,0.3920988184340888,1,
ADAT2,,False,False,527,Stim8hr,0.6406281884383564,3,
UQCRC1,,False,False,527,Rest,0.4139169079531746,2,
SOCS4,,False,False,524,Rest,0.6259346387290954,3,
NDUFA9,,False,False,520,Stim48hr,0.4542936962206807,1,
MLYCD,,False,False,519,Stim48hr,0.7253005818889765,2,
XRCC2,,False,False,514,Stim48hr,0.439384201865275,2,
IFI27L1,,False,False,510,Rest,0.6154281477446664,2,
N6AMT1,,False,False,510,Stim48hr,0.6393434229897516,1,
AEBP2,,False,False,509,Stim48hr,0.7584093267518103,2,
DPH1,,False,False,508,Stim8hr,0.3546208882053167,2,
KAT6A,,False,False,505,Stim8hr,0.5228144740726606,2,
DCK,,False,False,499,Stim48hr,0.4689830291459141,1,
TIMM8B,,False,False,499,Stim48hr,0.4623722168661365,2,
ID2,,False,False,498,Stim48hr,0.4302059180919085,2,
L3MBTL2,,False,False,496,Stim48hr,0.7970887144561879,3,
INO80C,,False,False,495,Stim8hr,0.6580805917786222,3,
ZNF512B,,False,False,492,Rest,0.460788796888861,1,
PGK1,,False,False,491,Stim8hr,0.4959015830395346,3,
XBP1,,False,False,491,Stim48hr,0.6643380100606414,3,
TTC4,,False,False,490,Rest,0.3974274378627851,2,
PGP,,False,False,489,Stim48hr,0.6217557174424327,1,
CREB1,,False,False,488,Stim48hr,0.556365444209905,3,
MYO9A,,False,False,487,Rest,0.6582268025688699,2,
PSIP1,,False,False,486,Stim48hr,0.6201890947825723,3,
SHLD1,,False,False,486,Stim8hr,0.8716819171091906,3,
COX19,,False,False,483,Stim48hr,0.3375483638837109,1,
TCEAL1,,False,False,483,Rest,0.3045222266555735,1,
CYC1,,False,False,481,Stim8hr,0.4199701258843798,3,
PCNX4,,False,False,479,Rest,0.5096545710582329,1,
ZNF142,,False,False,478,Stim8hr,0.5053564106485148,2,
GPS2,,False,False,474,Stim8hr,0.5672411316705696,2,
PPHLN1,,False,False,474,Rest,0.7331308605854335,3,
DCLRE1A,,False,False,471,Stim48hr,0.7659772575818892,2,
TFAP4,,False,False,471,Stim48hr,0.6195496357421192,3,
ZSWIM4,,False,False,471,Rest,0.320023322359129,1,
EHMT1,,False,False,468,Rest,0.6500684177948698,3,
MEAF6,,False,False,468,Stim8hr,0.5132551487278778,3,
TMEM167A,,False,False,468,Stim48hr,0.9320206965654608,3,
DNAJC24,,False,False,463,Stim48hr,0.4563163148192959,3,
KMT2C,,False,False,461,Stim48hr,0.623706020661399,3,
TSTD2,,False,False,461,Stim8hr,0.4761388330268928,3,
ADPRM,,False,False,459,Stim48hr,0.5184916099771956,1,
APPL2,,False,False,459,Stim8hr,0.4160450006257526,1,
VPS29,,False,False,459,Stim8hr,0.6245876547123651,1,
PIGF,,False,False,457,Rest,0.3328034741093188,1,
GAS2L1,,False,False,456,Stim48hr,0.4384831012221145,1,
BLZF1,,False,False,453,Rest,0.7763049896514888,2,
TCEAL3,,False,False,453,Rest,0.3552257677509602,2,
TESPA1,,False,False,453,Rest,0.4018280223730155,1,
RNF19B,,False,False,451,Stim8hr,0.7013296232380904,2,
RBM12,,False,False,449,Stim8hr,0.5933156092896398,3,
WRAP53,,False,False,448,Stim48hr,0.6902183609324583,2,
DDA1,,False,False,443,Stim8hr,0.7467300193650805,3,
EPC1,,False,False,443,Stim8hr,0.4985301097257418,2,
ZNF644,,False,False,443,Stim48hr,0.6600953929070384,3,
TMEM126B,,False,False,440,Stim48hr,0.380218080726451,1,
MTERF3,,False,False,439,Stim48hr,0.5000325387698722,2,
TFDP1,,False,False,439,Stim8hr,0.4663159973711058,2,
INPP5K,,False,False,437,Rest,0.3674328798433297,1,
URM1,,False,False,437,Stim8hr,0.701149628262762,3,
DOT1L,,False,False,435,Stim48hr,0.5953189574068692,1,
TFG,,False,False,433,Stim8hr,0.6096797177292649,2,
STXBP4,,False,False,432,Stim8hr,0.4630409053008118,2,
SS18L2,,False,False,431,Stim48hr,0.3263084619308823,1,
EIF3J,,False,False,429,Rest,0.4629762649644536,2,
COX4I1,,False,False,428,Rest,0.4059764658335225,1,
AMD1,,False,False,427,Stim48hr,0.5985216101975458,1,
INO80B,,False,False,427,Stim8hr,0.6510391632596559,2,
MAU2,,False,False,427,Rest,0.4565912705896902,3,
RFT1,,False,False,427,Stim8hr,0.5073909023992182,1,
KCTD21,,False,False,426,Stim8hr,0.7184742718619125,2,
PSMF1,,False,False,426,Stim8hr,0.6989468001497702,3,
TBL1XR1,,False,False,426,Stim48hr,0.7078756797552804,3,
PHOSPHO2,,False,False,424,Stim8hr,0.6285633549332873,2,
FARS2,,False,False,423,Stim48hr,0.3116037315912625,1,
GSS,,False,False,423,Stim48hr,0.5015019697486381,3,
ZRSR2,,False,False,423,Stim8hr,0.5321318597743285,2,
CASP3,,False,False,421,Stim8hr,0.7324724597918765,1,
HEATR3,,False,False,416,Stim8hr,0.4136686302814734,1,
SARS2,,False,False,416,Stim8hr,0.4812248704707804,1,
ZEB1,,False,False,415,Stim48hr,0.8568907161794304,3,
EARS2,,False,False,407,Stim48hr,0.5214499996992388,3,
FLCN,,False,False,407,Stim48hr,0.5749810102775491,1,
CARD11,,False,False,406,Stim8hr,0.4185757338096471,1,
SNAP29,,False,False,406,Stim8hr,0.3872590231522563,1,
SP1,,False,False,406,Stim48hr,0.6216898916728125,3,
CCDC93,,False,False,402,Stim48hr,0.5669815975603029,3,
FLAD1,,False,False,402,Stim48hr,0.4894200093082011,3,
TBX21,,False,False,402,Stim48hr,0.7788618970950999,3,
SCO1,,False,False,400,Stim8hr,0.3770941634931701,2,
ALG1,,False,False,399,Stim8hr,0.3353560202639227,1,
COX18,,False,False,397,Stim48hr,0.5506956176104657,1,
EXT2,,False,False,397,Rest,0.5771729726646999,1,
ELP5,,False,False,396,Rest,0.6729172667396973,2,
ZNF710,,False,False,393,Rest,0.6200525927511321,2,
BAHD1,,False,False,392,Stim48hr,0.5010142702497438,3,
CYB561D2,,False,False,392,Rest,0.7191178888156505,2,
E2F1,,False,False,389,Stim48hr,0.3246103752698725,1,
CYB5RL,,False,False,388,Stim48hr,0.5362500163767479,1,
DIS3,,False,False,386,Stim8hr,0.5410287637906966,1,
PDSS1,,False,False,384,Stim8hr,0.4416540795265742,2,
RBM18,,False,False,382,Stim48hr,0.5861147624881188,2,
ZC3H10,,False,False,380,Rest,0.4867154990722218,3,
HNRNPA2B1,,False,False,379,Stim8hr,0.5885385477264752,3,
CARM1,,False,False,378,Stim48hr,0.8075217798821432,3,
RMND5A,,False,False,377,Stim8hr,0.6466252805573233,2,
IMMP1L,,False,False,376,Rest,0.3479495477242578,1,
PPP1R13L,,False,False,376,Stim8hr,0.7615870238220905,2,
CDIPT,,False,False,375,Stim8hr,0.4612039480032701,1,
TLN1,,False,False,375,Stim8hr,0.6515113341181452,3,
FBXO42,,False,False,374,Stim48hr,0.7488993511687688,3,
COX11,,False,False,373,Stim8hr,0.3764439346279372,1,
MOB1A,,False,False,373,Rest,0.3866331949481789,1,
ORMDL2,,False,False,371,Rest,0.7098390763538659,1,
PTPN2,,False,False,370,Stim48hr,0.5895119229546065,2,
SCO2,,False,False,368,Stim8hr,0.6041448001061455,2,
CRTC2,,False,False,366,Rest,0.333810872229241,1,
NUBPL,,False,False,366,Stim48hr,0.665478617538498,1,
SENP1,,False,False,366,Stim48hr,0.8311123819665553,3,
TSFM,,False,False,366,Stim48hr,0.4371797500218616,1,
EXOSC1,,False,False,365,Rest,0.486570516659048,1,
TIPARP,,False,False,363,Rest,0.4052955653508412,2,
ECHS1,,False,False,362,Stim8hr,0.3430927323513563,2,
GNE,,False,False,362,Stim48hr,0.5837447659567809,1,
SND1,,False,False,362,Stim48hr,0.6981934817070775,2,
CLASRP,,False,False,361,Stim48hr,0.4264587876942867,2,
GALNT6,,False,False,361,Stim48hr,0.7373834607343309,2,
ENO1,,False,False,358,Stim48hr,0.467069117117405,2,
ACSS1,,False,False,356,Rest,0.6581351838410221,1,
MCM8,,False,False,355,Stim48hr,0.577772874225274,3,
EIF3K,,False,False,352,Stim8hr,0.5787462562778484,3,
UCHL5,,False,False,350,Stim8hr,0.6230360323434709,3,
UBE3D,,False,False,349,Stim8hr,0.5386022436189779,1,
FAM118B,,False,False,347,Stim48hr,0.5845387438500844,1,
GID8,,False,False,347,Rest,0.4164908674280737,1,
LAMTOR5,,False,False,345,Stim48hr,0.4665024783028813,1,
PARL,,False,False,342,Stim48hr,0.4899858945740041,1,
TRMT10C,,False,False,341,Stim48hr,0.4214961562614055,1,
INO80,,False,False,340,Rest,0.4684833287102739,2,
RC3H1,,False,False,340,Stim48hr,0.5558016540016765,3,
APC,,False,False,336,Rest,0.4413101003628628,2,
SMAD7,,False,False,334,Rest,0.9993766750667546,1,
VHL,,False,False,333,Stim48hr,0.8271606572078095,3,
ALG6,,False,False,332,Stim48hr,0.7163729004289237,3,
TTC39C,,False,False,332,Rest,0.4042279607900405,1,
ENTR1,,False,False,328,Stim48hr,0.5925684756842459,1,
COLGALT1,,False,False,325,Stim48hr,0.5642512222228461,1,
CPOX,,False,False,325,Rest,0.4968240669810601,1,
PHF12,,False,False,325,Stim8hr,0.5189527927400511,2,
PRPF39,,False,False,325,Stim8hr,0.6275157685350012,1,
RPE,,False,False,325,Stim48hr,0.3979845304984206,2,
RCOR3,,False,False,324,Rest,0.5448358233752589,1,
SH3GL1,,False,False,324,Rest,0.6986179824954638,2,
FASTKD5,,False,False,320,Stim48hr,0.3508754440348219,1,
MSL2,,False,False,320,Rest,0.5094590183350212,3,
GLS,,False,False,319,Stim8hr,0.5887724162644724,2,
RNF111,,False,False,318,Rest,0.420025057082704,1,
SZRD1,,False,False,318,Stim48hr,0.6460713396711081,3,
DDIT4,,False,False,317,Stim48hr,0.560073521504864,1,
DENND2D,,False,False,316,Rest,0.5080962470416251,1,
GIGYF2,,False,False,315,Stim48hr,0.5626108476675501,3,
FLI1,,False,False,314,Rest,0.6504133974674295,3,
KDM2A,,False,False,314,Stim8hr,0.7026753269057416,3,
PHF8,,False,False,314,Stim48hr,0.6864404988073133,2,
RHOC,,False,False,312,Rest,0.3772274623039189,1,
PPP1R3B,,False,False,311,Rest,0.3368265517656215,1,
BEX3,,False,False,310,Rest,0.4824085828746154,1,
MTIF2,,False,False,310,Stim48hr,0.524781255359023,1,
FANCB,,False,False,309,Stim48hr,0.4532687400935205,2,
RHBDD3,,False,False,309,Stim8hr,0.5758064196621646,3,
EML2,,False,False,308,Stim48hr,0.4110550824538002,1,
MBIP,,False,False,307,Stim48hr,0.4547221644585582,2,
RBM5,,False,False,306,Stim48hr,0.6175343451991026,2,
SLC4A1AP,,False,False,306,Rest,0.44456135693927,2,
SP100,,False,False,306,Stim8hr,0.5626398289696014,3,
OTUB1,,False,False,304,Rest,0.5288892139383027,3,
AIP,,False,False,302,Stim8hr,0.5945766893868938,2,
COA5,,False,False,302,Stim8hr,0.5460964832325156,2,
FAF2,,False,False,301,Stim48hr,0.5379376863306153,2,
FBXO28,,False,False,301,Rest,0.7482547049639757,2,
NAB2,,False,False,301,Stim8hr,0.7362842149686585,1,
FOXN2,,False,False,300,Stim8hr,0.8235250738651536,3,
NDUFS5,,False,False,300,Stim48hr,0.3694517525642094,1,
SMARCA4,,False,False,300,Stim48hr,0.4890532600971835,2,
CBFA2T2,,False,False,299,Rest,0.5340037683526007,1,
ETNK1,,False,False,299,Rest,0.7030446890088453,2,
ARID2,,False,False,297,Rest,0.4544816250104126,3,
PDCD10,,False,False,297,Stim48hr,0.5623644024730804,2,
PPP6C,,False,False,297,Stim8hr,0.3711165352363284,2,
CTU1,,False,False,296,Stim8hr,0.5492282290739486,2,
MRRF,,False,False,296,Stim48hr,0.8613327947692815,2,
CSNK2A1,,False,False,295,Rest,0.4826324154985298,3,
VEZT,,False,False,295,Stim8hr,0.5703532031577039,3,
LRP5,,False,False,294,Stim48hr,0.5398429151458458,1,
RFX1,,False,False,293,Stim8hr,0.6987974303759472,3,
BRD1,,False,False,291,Stim8hr,0.674990564592182,3,
GNB1L,,False,False,291,Rest,0.4739394192201677,1,
ACSL6,,False,False,289,Rest,0.4101089569013822,1,
TAF5L,,False,False,287,Stim8hr,0.4548401474042281,1,
CLPB,,False,False,285,Stim48hr,0.6127753384418697,1,
COMMD8,,False,False,283,Stim48hr,0.4899249592115204,2,
CTSF,,False,False,283,Rest,0.4810041978261126,1,
CROT,,False,False,282,Stim8hr,0.6750354151692894,3,
NFU1,,False,False,281,Stim48hr,0.5373432117918416,1,
GCN1,,False,False,277,Stim48hr,0.5301732791821703,3,
ZC3H4,,False,False,276,Stim8hr,0.5665678599148267,3,
ZNF790,,False,False,276,Stim8hr,0.342206724530453,1,
AMER1,,False,False,275,Rest,0.3762823835563733,1,
ASXL1,,False,False,274,Rest,0.7758646480841308,2,
PKNOX1,,False,False,274,Stim48hr,0.6902255779033549,3,
ANP32B,,False,False,273,Stim8hr,0.585863524452837,3,
EIPR1,,False,False,272,Rest,0.5687321776096427,3,
WDR44,,False,False,271,Rest,0.4592832202187131,1,
IRF1,,False,False,270,Rest,0.7810385553605164,3,
STAG2,,False,False,270,Rest,0.4727864854044438,3,
DIS3L,,False,False,269,Stim8hr,0.3493933774007465,1,
QRSL1,,False,False,268,Stim48hr,0.3870222171204724,2,
C2ORF15,,False,False,266,Stim48hr,0.5651339284091075,1,
UQCRQ,,False,False,266,Rest,0.34573126698402,1,
HYKK,,False,False,265,Rest,0.5652414833210387,1,
VPS35,,False,False,265,Stim8hr,0.5404135475567189,2,
DPM1,,False,False,264,Stim8hr,0.6426144531145356,2,
MAPKAP1,,False,False,264,Stim48hr,0.6028189141870561,2,
ELOC,,False,False,262,Stim8hr,0.5891594076521162,2,
CNBP,,False,False,261,Stim8hr,0.7833178859708784,3,
STAT5A,,False,False,260,Stim48hr,0.6277515882371345,1,
ZC3H12A,,False,False,260,Stim8hr,0.7259025099866951,2,
ZFX,,False,False,260,Stim8hr,0.431135801428606,2,
POGK,,False,False,258,Rest,0.6730518250491587,1,
TPGS2,,False,False,258,Stim48hr,0.4030408292107235,1,
GTF2H5,,False,False,255,Stim8hr,0.6087430235075781,1,
RAVER1,,False,False,255,Stim8hr,0.639616599915963,2,
CNOT9,,False,False,250,Stim8hr,0.3728111391864401,1,
DAXX,,False,False,250,Stim8hr,0.5224706419639596,2,
EMC2,,False,False,250,Stim8hr,0.3315046818607191,1,
THAP12,,False,False,250,Stim48hr,0.4528886006928705,2,
TMEM263,,False,False,250,Stim48hr,0.6284362646282372,1,
MITD1,,False,False,249,Stim48hr,0.3281410319592788,1,
PAPSS1,,False,False,249,Rest,0.5267919676997744,1,
SPTSSA,,False,False,249,Stim48hr,0.4224860168285704,1,
DNAJB9,,False,False,248,Stim48hr,0.6406875162383159,3,
ZNF785,,False,False,247,Stim48hr,0.3407658899895045,1,
COX15,,False,False,246,Stim48hr,0.6103683908605946,2,
FCHO1,,False,False,245,Stim48hr,0.3618363621688349,1,
COX10,,False,False,244,Stim8hr,0.5868807041274334,2,
DEF8,,False,False,244,Stim48hr,0.7521206339730505,3,
NDUFA6,,False,False,244,Stim48hr,0.6059229152143749,1,
ARID4B,,False,False,241,Stim8hr,0.4545972683284418,1,
PRSS21,,False,False,241,Rest,0.5472000429854449,2,
RBM33,,False,False,241,Stim48hr,0.4297841419145524,2,
IRF2,,False,False,240,Stim8hr,0.650410760056225,2,
PUM1,,False,False,240,Stim48hr,0.5531227659192524,3,
TRMT61A,,False,False,240,Stim8hr,0.7196805962820885,3,
CDK5RAP3,,False,False,239,Stim8hr,0.5941389823023578,3,
ERCC6L2,,False,False,239,Stim8hr,0.4551175338223659,1,
GTF3C5,,False,False,238,Stim8hr,0.5004441771424623,1,
TIAL1,,False,False,237,Stim48hr,0.7079886710603072,3,
NAA40,,False,False,236,Stim48hr,0.3771603221999068,1,
UBE2H,,False,False,236,Rest,0.3374155945360473,1,
ERCC1,,False,False,235,Stim8hr,0.3110361214674971,1,
HK2,,False,False,235,Stim48hr,0.8134709522351575,1,
SRP9,,False,False,234,Stim8hr,0.3838432795844306,1,
SCAP,,False,False,233,Stim48hr,0.5711310819984873,2,
TWF1,,False,False,233,Rest,0.6176583893912991,2,
RNF8,,False,False,232,Stim48hr,0.5899473827512147,2,
BCL3,,False,False,230,Rest,0.562295462132659,3,
SHQ1,,False,False,230,Stim8hr,0.5009648304958707,2,
TADA3,,False,False,230,Rest,0.58612752160297,3,
TTC5,,False,False,230,Stim8hr,0.5414019072992037,2,
PGAP2,,False,False,229,Stim48hr,0.4703048583884459,1,
TMEM140,,False,False,229,Stim48hr,0.5900449874763399,1,
NDUFB4,,False,False,228,Stim48hr,0.5781016011940401,1,
SBNO1,,False,False,228,Rest,0.4040283127313757,2,
NDUFB11,,False,False,224,Stim48hr,0.7926388420288517,3,
R3HCC1L,,False,False,223,Rest,0.4877128527984672,3,
CCNT1,,False,False,221,Stim48hr,0.3038330988378783,1,
COMMD5,,False,False,221,Stim48hr,0.4937596418191536,2,
GPATCH8,,False,False,220,Stim48hr,0.8184036042418462,3,
HS3ST3B1,,False,False,220,Stim48hr,0.3064016190748584,1,
MORF4L1,,False,False,220,Stim8hr,0.7364733847739783,2,
KEAP1,,False,False,219,Stim8hr,0.6139205899113525,3,
BRAT1,,False,False,218,Rest,0.7441010956008807,1,
FGFR1OP2,,False,False,218,Rest,0.3110826209142155,1,
HAX1,,False,False,218,Stim48hr,0.3854241137576757,1,
SETD1B,,False,False,218,Stim8hr,0.6815809387581461,3,
PEX5,,False,False,216,Stim48hr,0.7214196624773194,2,
OAZ3,,False,False,214,Stim48hr,0.5527688474009159,1,
PHF3,,False,False,214,Stim48hr,0.4158137600327127,1,
PTBP1,,False,False,214,Stim8hr,0.4014541679113293,3,
TARBP2,,False,False,213,Rest,0.5150453584944404,3,
COP1,,False,False,212,Stim8hr,0.4959982423982885,2,
MTMR10,,False,False,212,Rest,0.5732954236120024,3,
FAM3C,,False,False,211,Rest,0.6690523730814998,2,
PHF6,,False,False,211,Stim48hr,0.756211107824647,1,
ZBTB14,,False,False,210,Stim48hr,0.5444750330129848,2,
APEX1,,False,False,209,Stim8hr,0.7907006032093583,3,
FAM136A,,False,False,208,Stim48hr,0.3941119223703932,1,
GNPAT,,False,False,204,Stim8hr,0.3176706140750345,1,
IRF2BP1,,False,False,203,Stim8hr,0.7056332410618893,2,
TMEM131L,,False,False,203,Stim8hr,0.5529864354826571,1,
DNAAF2,,False,False,200,Stim8hr,0.4550539848971902,2,
SMARCC1,,False,False,200,Stim48hr,0.8268036177968799,3,
SRRD,,False,False,200,Stim48hr,0.8917392843088795,3,
SESTD1,,False,False,199,Rest,0.5591983702934504,1,
MAP3K5,,False,False,198,Stim8hr,0.6688619674227286,3,
PPP1R15B,,False,False,198,Rest,0.5731006025897251,3,
TGDS,,False,False,198,Rest,0.6390864015715335,2,
EIF3L,,False,False,197,Stim8hr,0.5952862847284363,2,
FOSL2,,False,False,197,Stim48hr,0.6924038068397853,3,
DDX60L,,False,False,196,Stim8hr,0.5255381214411691,2,
HOXB4,,False,False,196,Rest,0.4839054665580589,2,
MBD3,,False,False,196,Stim48hr,0.8287863389124026,3,
MOSMO,,False,False,196,Rest,0.3491265826594482,1,
SNTB1,,False,False,196,Rest,0.5573078174512421,1,
ZSCAN2,,False,False,196,Rest,0.3861060885298653,1,
B3GAT1,,False,False,194,Rest,0.3916446149124723,1,
ZNF414,,False,False,193,Rest,0.3194681950333719,1,
ELP4,,False,False,191,Stim8hr,0.3841691572520329,2,
FBXW7,,False,False,191,Stim8hr,0.7045873366547899,3,
CABIN1,,False,False,190,Stim8hr,0.4653955286958964,2,
P4HB,,False,False,190,Rest,0.6474813523517349,2,
CAP1,,False,False,189,Rest,0.6468837602466176,3,
FAM20B,,False,False,188,Stim8hr,0.4983952103251415,1,
CEPT1,,False,False,187,Stim48hr,0.4815573415705225,1,
FBRS,,False,False,187,Stim8hr,0.5792283299451322,2,
LAGE3,,False,False,187,Stim8hr,0.5069511689981231,2,
SNAP23,,False,False,187,Stim48hr,0.5606099820304233,3,
TSR2,,False,False,187,Rest,0.4460136119405125,1,
REST,,False,False,186,Stim8hr,0.6224505874580261,3,
YIPF3,,False,False,186,Stim48hr,0.399619910548997,1,
ALG13,,False,False,185,Stim8hr,0.6065772523247165,2,
MDH2,,False,False,185,Stim48hr,0.4734030743918002,1,
THG1L,,False,False,185,Stim8hr,0.3744054525419389,1,
TRUB2,,False,False,184,Stim48hr,0.4701898642231352,1,
ADHFE1,,False,False,183,Stim48hr,0.5283385641522955,1,
C16ORF87,,False,False,181,Stim8hr,0.3522039950563392,1,
LAMTOR3,,False,False,181,Stim8hr,0.7071606347571459,3,
NDUFC1,,False,False,181,Stim48hr,0.4464617801911948,1,
SBF1,,False,False,181,Rest,0.8981498092972795,1,
SNU13,,False,False,181,Stim48hr,0.405615754042101,1,
FANCL,,False,False,180,Stim8hr,0.4557435829917022,1,
SNPH,,False,False,180,Rest,0.325899253821285,1,
COMMD10,,False,False,178,Stim48hr,0.4070216635317314,3,
FBXO3,,False,False,178,Rest,0.3476606847543418,1,
PDHB,,False,False,178,Stim48hr,0.4986404777745141,1,
RSBN1L,,False,False,178,Stim8hr,0.6299222424048232,2,
DHRS7,,False,False,177,Stim8hr,0.6963531699794384,2,
EP300,,False,False,177,Stim48hr,0.6752282674046093,2,
GNPNAT1,,False,False,177,Stim8hr,0.314017227099626,1,
NDUFB2,,False,False,177,Stim48hr,0.4150756691633659,1,
NSD2,,False,False,177,Rest,0.3242899640682076,1,
ATG12,,False,False,176,Stim8hr,0.3763331556320757,1,
DCTPP1,,False,False,176,Rest,0.4519359174616088,1,
PARP2,,False,False,176,Stim8hr,0.3442561978628659,1,
PHF20,,False,False,176,Stim48hr,0.7566996220434868,1,
UQCRC2,,False,False,176,Stim8hr,0.4911008575110365,2,
CEP89,,False,False,175,Stim48hr,0.4932617985641396,2,
KRBA2,,False,False,175,Stim8hr,0.3117188805353616,1,
NGRN,,False,False,175,Stim48hr,0.4164368124663487,1,
PRUNE1,,False,False,175,Stim8hr,0.7728620320377164,2,
RCN1,,False,False,175,Rest,0.5298577901805448,2,
ALDH18A1,,False,False,174,Stim8hr,0.7516559505281443,2,
CDADC1,,False,False,172,Rest,0.315165783608822,1,
DTWD1,,False,False,172,Stim48hr,0.575316235275182,3,
FAM161B,,False,False,172,Stim48hr,0.3870049572353179,1,
CCAR1,,False,False,171,Rest,0.4809468864575167,1,
NFATC2,,False,False,171,Stim8hr,0.6160068264245818,1,
PGAM1,,False,False,171,Stim8hr,0.5895471648751104,2,
PPP4C,,False,False,171,Stim8hr,0.350570697794158,2,
UXS1,,False,False,171,Rest,0.3980838796569204,1,
NARS2,,False,False,170,Stim48hr,0.480788671686041,2,
CASK,,False,False,169,Stim48hr,0.3898623458255761,1,
MTX2,,False,False,169,Stim48hr,0.3403097076974696,1,
IKZF1,,False,False,167,Stim8hr,0.3619268615136,1,
GATAD1,,False,False,166,Stim8hr,0.6623927375616686,2,
GNPDA2,,False,False,166,Rest,0.8208103118620489,1,
MAP1LC3B,,False,False,166,Rest,0.3647592244503577,1,
NDUFB9,,False,False,166,Stim48hr,0.640831180892529,1,
MPG,,False,False,165,Stim48hr,0.5271946437286942,1,
PATL1,,False,False,165,Rest,0.6312381531038547,1,
CYCS,,False,False,162,Stim48hr,0.4295346957553604,1,
SIN3A,,False,False,161,Rest,0.6785409751122576,1,
SOCS3,,False,False,161,Stim8hr,0.4823516009868226,1,
ZBTB1,,False,False,159,Stim48hr,0.7230310644379343,3,
CHORDC1,,False,False,158,Rest,0.5574893854210681,2,
DCAF5,,False,False,158,Stim48hr,0.472095681861551,2,
NFKBID,,False,False,158,Stim8hr,0.594058190373968,2,
TMED2,,False,False,158,Stim8hr,0.5600228186305957,2,
HHAT,,False,False,157,Rest,0.5457267318888023,1,
NDST2,,False,False,157,Rest,0.6761380354811418,1,
GPALPP1,,False,False,155,Rest,0.4636777509876026,3,
UBE2E1,,False,False,155,Stim48hr,0.693083754474935,2,
GINM1,,False,False,154,Stim8hr,0.3347092037706713,1,
ZSCAN25,,False,False,154,Rest,0.5137778026965271,1,
ARF4,,False,False,153,Stim8hr,0.3785771517257645,1,
CMTR1,,False,False,153,Rest,0.4190831617189176,1,
CTH,,False,False,153,Stim48hr,0.5121557283983891,1,
MOSPD1,,False,False,153,Rest,0.4856072513927355,1,
SNRPB2,,False,False,153,Stim8hr,0.660060716266517,1,
UBIAD1,,False,False,153,Stim48hr,0.5560949616913357,2,
MCUR1,,False,False,152,Stim48hr,0.6471094826441738,1,
NDUFB6,,False,False,152,Stim48hr,0.5663591169705603,1,
SAP30,,False,False,152,Stim48hr,0.52802944101158,2,
UQCC1,,False,False,152,Stim8hr,0.409120144818051,1,
ZNF274,,False,False,151,Stim8hr,0.8411330198189386,3,
AASDH,,False,False,150,Rest,0.6748159405986055,2,
PDIA6,,False,False,150,Rest,0.6805393395534033,3,
ISG15,,False,False,148,Rest,0.4191521381602538,1,
SPOP,,False,False,148,Rest,0.5205319594015855,1,
STARD7,,False,False,148,Stim48hr,0.3451719355325232,1,
USP24,,False,False,148,Stim48hr,0.5405340456084811,1,
ITM2B,,False,False,147,Rest,0.639808518107717,1,
RANBP3,,False,False,147,Rest,0.5101705271922167,2,
HIRIP3,,False,False,146,Stim8hr,0.6853121993001992,2,
DBF4,,False,False,144,Rest,0.62142260877676,1,
DNAAF5,,False,False,144,Stim48hr,0.3045736928369162,1,
DNAJB11,,False,False,144,Rest,0.761896782023524,2,
MOCS3,,False,False,144,Stim8hr,0.5132683853298002,1,
PRKCQ,,False,False,144,Stim48hr,0.3165960654445622,1,
PMM2,,False,False,143,Rest,0.3299377110801668,1,
ZMYND19,,False,False,143,Stim8hr,0.3059568050836592,1,
BRD9,,False,False,142,Rest,0.7571195538802059,3,
JUNB,,False,False,142,Stim48hr,0.7749694098928962,3,
LIN37,,False,False,142,Rest,0.5701327363150552,1,
PARD6A,,False,False,142,Rest,0.7108769503034938,1,
PPP1R12C,,False,False,141,Rest,0.5086858527740244,1,
SEC62,,False,False,141,Rest,0.4963050673469946,1,
TMEM123,,False,False,141,Stim8hr,0.8086157609189492,3,
METTL23,,False,False,140,Stim48hr,0.8123117948839994,3,
FAM204A,,False,False,139,Stim8hr,0.6086772303932556,1,
HNRNPM,,False,False,139,Stim8hr,0.3190917285237151,1,
KDM3B,,False,False,139,Stim8hr,0.7973206288158696,2,
LRIG1,,False,False,138,Stim8hr,0.5766843916629849,1,
TRIM14,,False,False,138,Rest,0.7568314282770112,1,
MAF,,False,False,137,Stim48hr,0.521213600126477,1,
ZBTB44,,False,False,137,Rest,0.4702993630666598,1,
ZDHHC12,,False,False,137,Rest,0.3898647316544106,1,
KDM6A,,False,False,136,Rest,0.4364054798353469,2,
SCD,,False,False,135,Stim48hr,0.4232494565696745,1,
MED14,,False,False,134,Stim48hr,0.3706607962285003,2,
HTT,,False,False,133,Stim48hr,0.468506612971301,1,
PRPF38B,,False,False,133,Stim8hr,0.401722643563324,1,
ZWINT,,False,False,133,Stim8hr,0.4068895208524108,1,
DNAJC21,,False,False,132,Stim8hr,0.475604320354732,1,
GSTCD,,False,False,132,Stim8hr,0.8055248233585656,3,
TBL1X,,False,False,132,Stim8hr,0.3767761236807165,1,
UROS,,False,False,132,Stim8hr,0.4405535762322209,1,
NEB,,False,False,131,Rest,0.5663502883482362,1,
TEDC2,,False,False,131,Rest,0.4918042821076249,1,
COX6B1,,False,False,130,Stim8hr,0.6750051278272565,1,
MGA,,False,False,130,Stim8hr,0.6914916137347534,3,
NMT2,,False,False,129,Stim8hr,0.8578447136286584,2,
ZRANB2,,False,False,129,Stim8hr,0.5830961703605066,2,
ABI3,,False,False,128,Stim8hr,0.5399263494163155,1,
HIF1A,,False,False,128,Stim48hr,0.3698586853257864,1,
NDUFA10,,False,False,128,Rest,0.3485806966716169,1,
AUP1,,False,False,127,Stim8hr,0.7739885070453645,1,
DGKZ,,False,False,127,Stim8hr,0.3013426792111954,1,
DNAJC3,,False,False,127,Stim48hr,0.5493773288066182,3,
RAB21,,False,False,127,Stim48hr,0.5472044295111921,1,
RABGEF1,,False,False,127,Stim48hr,0.6826245354829906,2,
ZCCHC8,,False,False,127,Stim48hr,0.730232766064092,3,
ZNF18,,False,False,127,Rest,0.7733733296679706,1,
ZHX3,,False,False,126,Rest,0.5324283251603684,2,
DCAF4,,False,False,125,Stim48hr,0.9917312611276922,1,
INPP5F,,False,False,125,Stim8hr,0.616331677301734,3,
TRAPPC13,,False,False,125,Stim8hr,0.7772958359836708,1,
YPEL2,,False,False,125,Stim8hr,0.609141608229061,1,
ZCRB1,,False,False,125,Stim8hr,0.4111981612085943,2,
CEP135,,False,False,124,Stim48hr,0.48518756385867,2,
DVL1,,False,False,124,Rest,0.4651659884925747,1,
IDH3A,,False,False,124,Stim8hr,0.5060473461611138,1,
RDH13,,False,False,124,Stim8hr,0.3470905734427529,2,
TET2,,False,False,124,Rest,0.7976963718945972,3,
ZNF330,,False,False,124,Stim48hr,0.4042660406278843,1,
FBXW2,,False,False,123,Stim8hr,0.7316559918657756,1,
KMT2B,,False,False,123,Stim8hr,0.6807919494409588,3,
NASP,,False,False,123,Stim8hr,0.4346679170053731,1,
PPP6R2,,False,False,123,Rest,0.8760616061329913,1,
EIF2AK1,,False,False,122,Stim48hr,0.7266511006594568,1,
UFC1,,False,False,122,Rest,0.4063249724257274,1,
ZFR,,False,False,122,Rest,0.3429297108958047,1,
HSPH1,,False,False,121,Stim48hr,0.4690269691302058,2,
PRRC2A,,False,False,121,Stim8hr,0.6668660669976377,3,
TPD52,,False,False,120,Stim8hr,0.4015716136198075,2,
ANXA6,,False,False,119,Stim48hr,0.5263555932059746,1,
CDKN2AIP,,False,False,119,Stim48hr,0.7508431541837037,3,
CTDSP2,,False,False,119,Stim48hr,0.4359186389832115,1,
KDM8,,False,False,119,Stim48hr,0.5081170200460535,1,
PHIP,,False,False,119,Stim48hr,0.7467781281753144,1,
RBPJ,,False,False,119,Stim48hr,0.7174830278512895,3,
TIMMDC1,,False,False,119,Stim48hr,0.5249689308724093,1,
SCAF8,,False,False,118,Stim48hr,0.6518395821819852,3,
TMX2,,False,False,118,Stim8hr,0.4252247702250244,1,
USP10,,False,False,118,Stim8hr,0.7094088447374455,3,
ARL6IP1,,False,False,117,Stim48hr,0.934064366334773,1,
ATXN2L,,False,False,117,Rest,0.7944599020117428,2,
EXOC1,,False,False,117,Rest,0.3096206450611252,1,
L2HGDH,,False,False,117,Stim48hr,0.76389519750564,3,
PAIP1,,False,False,117,Rest,0.4648601362796078,1,
ACTR3,,False,False,116,Stim48hr,0.5390519444748849,2,
GEMIN7,,False,False,116,Stim8hr,0.3111921882560943,1,
TXNDC9,,False,False,116,Stim8hr,0.7635390749678512,2,
ARMH3,,False,False,115,Rest,0.5995084803951481,1,
CCDC22,,False,False,115,Rest,0.6813372193237024,1,
BCLAF1,,False,False,114,Stim48hr,0.8501569309288645,3,
COX7C,,False,False,114,Stim48hr,0.3764816947437135,1,
KDM5C,,False,False,114,Stim8hr,0.8112696460880281,2,
SRM,,False,False,114,Stim8hr,0.411059433045581,1,
UNC45A,,False,False,114,Stim8hr,0.4587826409580984,1,
ITSN1,,False,False,113,Stim8hr,0.5436228396618256,1,
SMAD4,,False,False,113,Rest,0.832861359381588,2,
CD99L2,,False,False,112,Stim48hr,0.6925945720303147,2,
COMMD7,,False,False,112,Stim48hr,0.4854164680528981,1,
FBXO11,,False,False,112,Stim8hr,0.7719002278889119,3,
SLF1,,False,False,112,Stim8hr,0.3676498388112288,1,
SP3,,False,False,112,Stim48hr,0.395214504252447,1,
ZBED1,,False,False,112,Rest,0.389975052473985,2,
CCDC134,,False,False,111,Stim48hr,0.5973960926181104,2,
ZBTB32,,False,False,111,Stim48hr,0.713651165779793,1,
COMMD4,,False,False,110,Stim48hr,0.4535437456353615,2,
COX20,,False,False,110,Rest,0.3272680164158268,1,
ACSL1,,False,False,109,Stim48hr,0.4121281361990106,1,
CSNK2A2,,False,False,109,Rest,0.4092285129267215,1,
SKA3,,False,False,109,Stim48hr,0.462516595823664,1,
SUCLG1,,False,False,109,Stim8hr,0.7561942167146078,2,
TMEM205,,False,False,109,Stim8hr,0.3360509872936688,1,
TTC7A,,False,False,109,Stim8hr,0.5362003550571283,1,
ZNF35,,False,False,109,Rest,0.5016588721141015,1,
HSPA14,,False,False,108,Stim8hr,0.4199762058439963,1,
RTTN,,False,False,108,Rest,0.3664397346175176,1,
EGLN1,,False,False,107,Stim8hr,0.841149594492926,1,
KTN1,,False,False,107,Stim8hr,0.4278896915977643,1,
ALG2,,False,False,106,Stim8hr,0.3824923501172803,1,
FANCD2,,False,False,106,Rest,0.4640944111746272,2,
MTRR,,False,False,106,Stim48hr,0.7454857123365256,2,
PRCP,,False,False,106,Rest,0.7755515548180348,1,
SUGP1,,False,False,106,Stim8hr,0.7327763126423875,2,
TENT5C,,False,False,106,Stim8hr,0.8329586873073298,3,
TRMT6,,False,False,106,Stim8hr,0.3801034856426191,1,
CCDC90B,,False,False,105,Stim48hr,0.7416648340449962,1,
COA6,,False,False,105,Stim48hr,0.44135115883588,1,
RELA,,False,False,105,Stim8hr,0.3411128921831217,2,
TGIF2,,False,False,105,Stim48hr,0.4304858968227256,1,
NR2C2AP,,False,False,104,Stim8hr,0.8444354679137712,1,
JOSD2,,False,False,103,Rest,0.714490591665189,2,
CLUH,,False,False,102,Stim48hr,0.4267926641636384,2,
E2F4,,False,False,102,Stim48hr,0.3914170045445984,1,
RP9,,False,False,102,Stim48hr,0.5026657869584908,1,
CCDC6,,False,False,101,Rest,0.310707432112255,1,
ABHD14A,,False,False,100,Rest,0.8097620243311923,1,
PTDSS2,,False,False,100,Stim8hr,0.5026950084495714,2,
CYTH3,,False,False,98,Stim8hr,0.537240554032428,1,
GPT2,,False,False,98,Stim8hr,0.5204861183587778,1,
SRSF6,,False,False,98,Stim48hr,0.4195725746266543,2,
TOP2B,,False,False,98,Rest,0.8089683665837558,1,
ATXN1L,,False,False,97,Rest,0.3233088555632559,1,
CCL5,,False,False,97,Rest,0.6112897208002965,1,
COX17,,False,False,97,Stim48hr,0.3531974585995834,2,
MIEN1,,False,False,97,Rest,0.6743551375497424,1,
OST4,,False,False,97,Stim8hr,0.4284759772325666,1,
PCNX3,,False,False,97,Stim48hr,0.8478340695857348,3,
ADAM9,,False,False,96,Rest,0.7781042690615362,1,
ADNP2,,False,False,96,Stim48hr,0.9271349358354156,3,
ATP23,,False,False,96,Stim48hr,0.7247955300725156,3,
CBX3,,False,False,96,Stim8hr,0.6979415594580756,2,
CRIPT,,False,False,96,Stim8hr,0.5810475489612523,2,
NCOA6,,False,False,96,Rest,0.4936533909517429,1,
NPEPPS,,False,False,96,Rest,0.3911753888046476,1,
TM9SF3,,False,False,95,Rest,0.8262048570511428,2,
COQ4,,False,False,94,Stim8hr,0.7410920058249254,3,
PARK7,,False,False,94,Stim48hr,0.6023432892735846,1,
TMED4,,False,False,94,Stim8hr,0.492144849821735,2,
MAP4K1,,False,False,93,Stim8hr,0.445241539822072,1,
OGT,,False,False,93,Stim8hr,0.3513704965437262,1,
ZFAT,,False,False,93,Stim8hr,0.6366884282753804,3,
DDX39B,,False,False,92,Stim48hr,0.3486088913303855,1,
SREBF2,,False,False,92,Stim48hr,0.5540230614929963,1,
SYVN1,,False,False,92,Stim48hr,0.3740862193376477,1,
EXT1,,False,False,91,Rest,0.5219840815723414,1,
MTHFD1,,False,False,91,Stim8hr,0.3891763687218075,2,
NADK2,,False,False,90,Stim48hr,0.3813380593179116,1,
TMEM131,,False,False,90,Rest,0.7748333841470633,2,
APAF1,,False,False,89,Rest,0.6216503630951213,1,
HDAC1,,False,False,89,Stim8hr,0.8238225597298041,3,
ITPK1,,False,False,89,Stim8hr,0.3073483254081645,1,
THAP5,,False,False,89,Rest,0.5437185050588945,2,
BAZ1A,,False,False,88,Rest,0.5751503462873644,1,
COPS9,,False,False,88,Stim48hr,0.7096079028363261,2,
BZW2,,False,False,87,Stim48hr,0.6787739265682373,1,
GNAZ,,False,False,87,Stim48hr,0.5531607321802295,2,
HMGXB3,,False,False,87,Stim8hr,0.4694043649561141,1,
IRF8,,False,False,87,Stim8hr,0.4080386103778375,1,
KIF14,,False,False,87,Stim48hr,0.468338271632343,1,
NOA1,,False,False,87,Stim48hr,0.5407593030676038,1,
PAICS,,False,False,87,Stim48hr,0.3649336447565294,1,
SRSF11,,False,False,87,Stim48hr,0.3223678695220943,1,
TEFM,,False,False,87,Stim48hr,0.6080866811613305,2,
TMEM186,,False,False,87,Stim8hr,0.7997403445632846,1,
ELF4,,False,False,85,Rest,0.4749460524419457,2,
ISCA1,,False,False,85,Rest,0.6449971054453237,1,
MFSD6,,False,False,85,Stim48hr,0.3821829870894015,1,
PPRC1,,False,False,85,Stim48hr,0.524591931447938,3,
PTRH2,,False,False,85,Rest,0.4015484813991528,2,
TMEM33,,False,False,85,Stim48hr,0.39016724426085,1,
DEGS1,,False,False,84,Stim8hr,0.8165768087628665,1,
HDAC7,,False,False,84,Rest,0.3168382278694986,1,
ICE2,,False,False,84,Stim48hr,0.4976269376173035,1,
NGLY1,,False,False,84,Stim48hr,0.4814745982932023,1,
RIC8A,,False,False,84,Stim48hr,0.5269652047539171,1,
IPO9,,False,False,83,Rest,0.3369572993830566,1,
VPS13A,,False,False,83,Stim48hr,0.6055612369151591,1,
RALGAPB,,False,False,82,Rest,0.42801147023296,1,
TRAF6,,False,False,82,Stim8hr,0.5105738663540406,1,
BLOC1S4,,False,False,81,Stim8hr,0.3415908917906035,1,
NCR3,,False,False,81,Stim8hr,0.3691468966896635,1,
PIK3R4,,False,False,81,Stim8hr,0.4087297704378234,1,
SSR2,,False,False,81,Rest,0.8319547365295182,3,
CD2BP2,,False,False,80,Rest,0.4223855668969008,2,
FANCF,,False,False,80,Rest,0.6436023462781373,2,
STIM1,,False,False,80,Stim8hr,0.5731626588114782,1,
YME1L1,,False,False,80,Stim48hr,0.3437218415148435,1,
BRD7,,False,False,79,Rest,0.6712293306197931,2,
INO80E,,False,False,79,Stim48hr,0.5441611702265495,2,
REL,,False,False,79,Stim8hr,0.5242108554310971,1,
BBS10,,False,False,78,Stim8hr,0.3595179472133643,1,
NCAPD3,,False,False,78,Stim48hr,0.3826278451387233,1,
SEMA4C,,False,False,78,Rest,0.515847778333472,1,
VPS45,,False,False,78,Stim8hr,0.3753906094486112,1,
ZNF829,,False,False,78,Stim48hr,0.4184739523553765,1,
CARD6,,False,False,77,Stim48hr,0.4261564929344244,1,
CWC27,,False,False,77,Stim8hr,0.9397333898636578,3,
ECI2,,False,False,77,Stim8hr,0.5596747635382268,1,
SKA2,,False,False,77,Stim48hr,0.7445140457231495,1,
MANF,,False,False,76,Rest,0.966852285424905,2,
PTDSS1,,False,False,76,Stim48hr,0.5670539080703606,1,
RREB1,,False,False,76,Stim8hr,0.907113085086408,3,
TPST2,,False,False,76,Stim48hr,0.3831657861813523,1,
EMC7,,False,False,75,Stim48hr,0.7807268428181507,1,
MIGA2,,False,False,75,Stim48hr,0.9155609691917102,1,
NSUN2,,False,False,75,Stim8hr,0.7938390990483138,3,
USP4,,False,False,75,Stim48hr,0.496506924359085,1,
CHIC2,,False,False,74,Stim8hr,0.6394998998135255,3,
EIF1B,,False,False,74,Stim48hr,0.3458549744862365,1,
GTF3C4,,False,False,74,Stim8hr,0.4196579822807554,1,
MTG2,,False,False,74,Rest,0.3630170945745658,1,
PFDN4,,False,False,74,Stim48hr,0.3546554325493127,1,
PRKRA,,False,False,74,Stim48hr,0.6880759495698553,3,
UBL3,,False,False,74,Rest,0.5206145473218476,1,
XIAP,,False,False,74,Stim48hr,0.3503618812637495,1,
ZCCHC17,,False,False,74,Stim8hr,0.660302386289824,1,
ATF7IP,,False,False,73,Stim48hr,0.5416282880367193,1,
CDCA3,,False,False,73,Stim8hr,0.5113247063861224,2,
CIT,,False,False,73,Rest,0.6361710586008037,3,
SMPD1,,False,False,73,Stim48hr,0.4353991155621927,1,
ELP6,,False,False,72,Rest,0.4188494389087411,1,
RAD23A,,False,False,72,Stim8hr,0.5878738725034642,2,
RAP2A,,False,False,72,Stim8hr,0.3393500296088869,1,
SOD2,,False,False,72,Stim8hr,0.6736892838393175,1,
SREBF1,,False,False,72,Stim48hr,0.331949946872925,1,
ZNF384,,False,False,72,Rest,0.8100753645701907,3,
AP3D1,,False,False,71,Rest,0.5705584827652749,1,
CEP44,,False,False,71,Rest,0.7141995264179518,1,
PIBF1,,False,False,71,Stim8hr,0.6650194606668873,2,
PRKD2,,False,False,71,Stim48hr,0.7605675334722851,2,
AKAP17A,,False,False,70,Stim8hr,0.4755039026111141,1,
GRAP,,False,False,70,Rest,0.9726695885640384,1,
KPNA4,,False,False,70,Stim8hr,0.6055123311417251,1,
PPP1R14B,,False,False,70,Stim48hr,0.4158289978220747,1,
ABHD13,,False,False,69,Stim48hr,0.4969254054154919,1,
DEPDC5,,False,False,69,Rest,0.9006437105819507,1,
INIP,,False,False,69,Rest,0.4160482632052049,2,
ERGIC1,,False,False,68,Stim8hr,0.4276449566856979,1,
PUDP,,False,False,68,Stim8hr,0.3295776816537064,1,
RNF145,,False,False,68,Stim8hr,0.7405927364854098,1,
ALG12,,False,False,67,Stim8hr,0.7814694193879466,3,
TASP1,,False,False,67,Stim48hr,0.8655007124951731,2,
ZNF622,,False,False,67,Stim48hr,0.4748148118348267,1,
ZNF655,,False,False,67,Stim48hr,0.6341744067982383,2,
GYPC,,False,False,66,Stim48hr,0.5291978771501373,3,
IRF9,,False,False,66,Rest,0.7899602490360594,3,
LARP4,,False,False,66,Stim48hr,0.5440040349693976,1,
STUB1,,False,False,66,Stim8hr,0.3660746293364905,1,
TTYH3,,False,False,66,Stim8hr,0.3422695305631285,1,
ZC3H14,,False,False,66,Stim48hr,0.7001207933692846,1,
EDRF1,,False,False,65,Stim8hr,0.365699118716795,1,
FIBP,,False,False,65,Stim8hr,0.926142193797206,1,
GABPA,,False,False,65,Rest,0.325273700425913,1,
PFDN5,,False,False,65,Stim8hr,0.3570152708284086,1,
PHACTR4,,False,False,65,Rest,0.5705099390845928,1,
SSR3,,False,False,65,Rest,0.9820245161946068,3,
ARPC1B,,False,False,64,Stim48hr,0.482192036360072,1,
CAAP1,,False,False,64,Stim48hr,0.3768801900504101,1,
CDYL,,False,False,64,Stim48hr,0.7055476173313302,2,
NFE2L1,,False,False,64,Rest,0.7216434546229548,2,
RAB2B,,False,False,64,Stim48hr,0.5913683393665248,1,
TMEM185A,,False,False,64,Rest,0.9151648424272104,2,
EDF1,,False,False,63,Stim48hr,0.9011388223599314,1,
ICMT,,False,False,63,Stim48hr,0.8337641808308716,1,
NDUFB7,,False,False,63,Stim48hr,0.3831699528182555,1,
RBM15,,False,False,63,Stim48hr,0.4006599673715683,1,
SEC24A,,False,False,63,Stim48hr,0.4088049918486985,1,
WASHC4,,False,False,63,Rest,0.7056982664419085,1,
AHSA1,,False,False,62,Rest,0.8474528809084964,1,
NDUFAF6,,False,False,62,Stim48hr,0.7019679855077562,1,
SARNP,,False,False,62,Stim48hr,0.469637336389778,2,
COX16,,False,False,61,Stim48hr,0.5940372302346545,1,
LPCAT3,,False,False,61,Stim8hr,0.5949316149422101,1,
LSM10,,False,False,61,Stim48hr,0.3613020633998914,1,
UBN1,,False,False,61,Stim48hr,0.5771950422586909,1,
ALAS1,,False,False,60,Stim8hr,0.3652754467141736,1,
ARIH2,,False,False,60,Stim48hr,0.7742903869403417,1,
C2CD5,,False,False,60,Stim8hr,0.5422504551603978,1,
PRDM15,,False,False,60,Stim8hr,0.8062505408642315,2,
SDHAF4,,False,False,60,Stim8hr,0.5861505985148437,1,
SMARCD2,,False,False,60,Rest,0.5383085262871878,1,
SPAG7,,False,False,60,Stim8hr,0.3098487776694335,1,
BPNT1,,False,False,59,Rest,0.604014931147088,1,
EMB,,False,False,59,Stim8hr,0.5436185398749732,1,
HELZ,,False,False,59,Rest,0.5594926719312103,1,
PTPN11,,False,False,59,Stim48hr,0.4124571610826826,1,
SEC31A,,False,False,59,Stim48hr,0.658211835188781,1,
TOMM70,,False,False,59,Stim48hr,0.3320671306225242,1,
TRADD,,False,False,59,Stim8hr,0.3010807545442818,1,
MIDN,,False,False,58,Stim8hr,0.520122707817271,1,
PBX2,,False,False,58,Rest,0.3631450585661316,1,
PDS5B,,False,False,58,Stim8hr,0.6332216640001356,2,
TPRG1L,,False,False,58,Stim48hr,0.3069164287693753,1,
ZSWIM9,,False,False,58,Stim48hr,0.5104734621222096,1,
CARNMT1,,False,False,57,Stim48hr,0.9209024409714908,2,
CEP104,,False,False,57,Rest,0.659101280190324,1,
LMNA,,False,False,57,Rest,0.502602791371178,1,
TBPL1,,False,False,57,Stim48hr,0.7175063347137715,1,
TMEM79,,False,False,57,Stim48hr,0.3850835519474181,1,
ZBED5,,False,False,57,Rest,0.3376259223683109,1,
CDK2AP2,,False,False,56,Stim8hr,0.6626174132438202,1,
PPP1R12A,,False,False,56,Stim8hr,0.3074487627041981,1,
TXNIP,,False,False,56,Stim48hr,0.444510209396367,2,
YPEL5,,False,False,56,Rest,0.7548489840912964,1,
ZNF200,,False,False,56,Stim48hr,0.7654078405896638,2,
CDC123,,False,False,55,Stim8hr,0.5684554750951736,1,
DUSP4,,False,False,55,Stim8hr,0.5394772959394348,1,
EHBP1,,False,False,55,Stim8hr,0.3837136737360846,1,
GAB2,,False,False,55,Stim48hr,0.5894225284418216,1,
NONO,,False,False,55,Stim8hr,0.456793971999972,1,
PAPOLA,,False,False,55,Stim8hr,0.482803458406404,1,
PQBP1,,False,False,55,Rest,0.3868874793901735,1,
ZBTB33,,False,False,55,Stim48hr,0.4166529061163011,1,
CAPZA1,,False,False,54,Stim8hr,0.6075948594948951,2,
NPRL3,,False,False,54,Rest,0.4825932121974088,1,
NUFIP2,,False,False,54,Rest,0.3057074830883469,1,
ZMYND8,,False,False,54,Stim8hr,0.9038517349394924,3,
ACSL3,,False,False,53,Stim48hr,0.5222084830537157,1,
DPH2,,False,False,53,Rest,0.452980455236061,1,
EEF1B2,,False,False,53,Stim48hr,0.4418642043586511,1,
HMGB3,,False,False,53,Stim48hr,0.4808773696426069,1,
PCBP4,,False,False,53,Rest,0.3411412336002334,1,
PCGF6,,False,False,53,Stim8hr,0.7247857301921471,2,
PPP1R18,,False,False,53,Stim8hr,0.5943528024144413,1,
RNF7,,False,False,53,Stim8hr,0.6498046007727359,2,
SRD5A3,,False,False,53,Rest,0.4216807357540214,1,
GNLY,,False,False,52,Rest,0.489328956109555,2,
METTL17,,False,False,52,Stim48hr,0.5643056280756729,1,
MOGS,,False,False,52,Stim8hr,0.8075489620273895,1,
SIMC1,,False,False,52,Rest,0.5510741507044306,1,
SMS,,False,False,52,Stim8hr,0.7930050355056517,2,
TADA2A,,False,False,52,Stim8hr,0.429496791802757,1,
TATDN2,,False,False,52,Stim8hr,0.8076854471758432,2,
TRIM39,,False,False,52,Rest,0.782967949685876,3,
UBE2J1,,False,False,52,Stim48hr,0.5641934619191408,1,
ZFYVE21,,False,False,52,Stim8hr,0.3422395522873624,1,
ZNF589,,False,False,52,Rest,0.3545521616724023,1,
LMAN1,,False,False,51,Stim48hr,0.4411327042503258,1,
MAP3K13,,False,False,51,Stim8hr,0.9160391779949044,2,
PDCD2L,,False,False,51,Stim48hr,0.4388868020241654,1,
PRR12,,False,False,51,Rest,0.8502230988701954,2,
RHBDF2,,False,False,51,Stim48hr,0.5921036941498032,3,
RPN1,,False,False,51,Stim8hr,0.366385490662134,1,
RTN4IP1,,False,False,51,Stim8hr,0.4095696511135759,1,
UGGT1,,False,False,51,Rest,0.401103749702569,1,
VBP1,,False,False,51,Stim48hr,0.7397817271667385,1,
DMXL1,,False,False,50,Stim48hr,0.6294995094322299,1,
FDX1,,False,False,50,Rest,0.4038050519561887,1,
INPPL1,,False,False,50,Rest,0.3336804404924993,1,
PA2G4,,False,False,50,Rest,0.3842357829957362,1,
PCGF3,,False,False,50,Stim48hr,0.5400296567360777,1,
RNF181,,False,False,50,Stim8hr,0.461968545205085,1,
ADNP,,False,False,49,Stim8hr,0.7155672407079702,1,
ARHGAP45,,False,False,49,Stim8hr,0.7135585010403518,2,
TRIM25,,False,False,49,Stim8hr,0.8150574049403835,2,
TSPYL1,,False,False,49,Stim48hr,0.6902813441115804,1,
WASL,,False,False,49,Stim8hr,0.8507502042266591,3,
IREB2,,False,False,48,Stim48hr,0.3038129557642783,1,
NDEL1,,False,False,48,Stim48hr,0.3621131810472887,1,
PLEC,,False,False,48,Stim48hr,0.4840084519234768,1,
SGCB,,False,False,48,Rest,0.6403208532212455,1,
DHX40,,False,False,47,Stim48hr,0.4659918647818321,1,
GPD1L,,False,False,47,Stim48hr,0.7040881666836297,2,
NLGN2,,False,False,47,Rest,0.5431781441680211,1,
TEDC1,,False,False,47,Rest,0.4793144399069071,1,
EMC6,,False,False,46,Stim8hr,0.5408809613646293,2,
L3MBTL3,,False,False,46,Stim48hr,0.8350537362809263,3,
RHNO1,,False,False,46,Stim48hr,0.6667360790212599,1,
SMAP2,,False,False,46,Stim8hr,0.623853366400235,1,
ANKRD40,,False,False,45,Rest,0.572009692219786,1,
CEP350,,False,False,45,Stim48hr,0.3119682921682992,2,
FEM1A,,False,False,45,Rest,0.3748139553598381,1,
FOXM1,,False,False,45,Stim48hr,0.631622508508753,1,
GFM2,,False,False,45,Stim48hr,0.311722595589506,1,
S100PBP,,False,False,45,Stim8hr,0.5509102699547417,1,
STAT1,,False,False,45,Stim8hr,0.5808192893078925,1,
TRIM33,,False,False,45,Stim8hr,0.7823581840227948,1,
GATAD2B,,False,False,44,Stim8hr,0.728564765457265,2,
KAT2B,,False,False,44,Stim48hr,0.7665181666761501,1,
NDUFV1,,False,False,44,Stim48hr,0.7059463116249195,1,
RAB22A,,False,False,44,Stim48hr,0.3910810444469967,1,
TEAD4,,False,False,44,Stim48hr,0.8599869030960937,1,
ZNF12,,False,False,44,Rest,0.6978470032983418,3,
CBX1,,False,False,43,Stim8hr,0.4515422293075454,1,
CLDND2,,False,False,43,Stim8hr,0.5927151521203732,1,
GORASP2,,False,False,43,Stim8hr,0.5498605060690973,1,
GSTO2,,False,False,43,Stim48hr,0.5447470296353949,1,
NHLRC2,,False,False,43,Stim48hr,0.6318546781533496,1,
PGM1,,False,False,43,Rest,0.5139970752877419,1,
SIRT6,,False,False,43,Stim8hr,0.778907512563292,1,
SUPV3L1,,False,False,43,Stim8hr,0.5924729085012245,1,
TM2D2,,False,False,43,Stim48hr,0.5381507364018244,1,
USF2,,False,False,43,Rest,0.76388015227392,1,
WAS,,False,False,43,Stim48hr,0.6323704108478604,1,
WTAP,,False,False,43,Rest,0.3191117589067233,1,
YES1,,False,False,43,Stim8hr,0.4122839439965554,1,
ZBTB21,,False,False,43,Stim48hr,0.7130179842239822,2,
ATG9A,,False,False,42,Rest,0.3969676685017818,1,
CNOT10,,False,False,42,Rest,0.424917887085546,1,
FKBP8,,False,False,42,Stim48hr,0.4647979376144495,1,
ITPA,,False,False,42,Stim48hr,0.5487690125981065,2,
MEF2D,,False,False,42,Stim8hr,0.8233233500276472,2,
NEMF,,False,False,42,Stim48hr,0.4043582711352148,1,
PELO,,False,False,42,Stim8hr,0.8677636394047071,1,
STAT2,,False,False,42,Rest,0.8183555320590282,2,
BCOR,,False,False,41,Stim8hr,0.4865083714818709,1,
MTF2,,False,False,41,Stim48hr,0.8710696092765574,1,
RFXANK,,False,False,41,Stim8hr,0.6317546315959369,1,
VEZF1,,False,False,41,Stim8hr,0.8799296517648791,1,
ZNF549,,False,False,41,Rest,0.5404860633717353,1,
DET1,,False,False,40,Stim48hr,0.4727456817027107,1,
KDELR2,,False,False,40,Stim8hr,0.9810888245907472,2,
KLF13,,False,False,40,Stim8hr,0.3733527431641689,1,
MAMLD1,,False,False,40,Stim8hr,0.5303747887396377,1,
MCPH1,,False,False,40,Rest,0.6709472624339106,1,
PLA2G12A,,False,False,40,Stim48hr,0.6092729336947839,1,
RAB14,,False,False,40,Stim48hr,0.57044629648809,1,
SSR1,,False,False,40,Stim48hr,0.4871994700095081,1,
WBP4,,False,False,40,Stim48hr,0.6960679963544765,1,
BEND3,,False,False,39,Stim48hr,0.5371328790800133,1,
BRWD1,,False,False,39,Stim8hr,0.4793109574254192,1,
CANX,,False,False,39,Stim48hr,0.3995892683855553,1,
CCDC9,,False,False,39,Stim48hr,0.3612519491575076,1,
CDC34,,False,False,39,Rest,0.814603577394208,1,
CKAP2,,False,False,39,Rest,0.3499691468512436,1,
FANCA,,False,False,39,Stim48hr,0.6193531186315092,2,
FANCE,,False,False,39,Stim48hr,0.5587278053238228,2,
MKRN2,,False,False,39,Stim48hr,0.5834531843199605,1,
MLX,,False,False,39,Stim8hr,0.4452096286321794,2,
PET117,,False,False,39,Stim8hr,0.5650736314611918,1,
SLA2,,False,False,39,Stim8hr,0.5283759258254266,1,
TMEM254,,False,False,39,Stim8hr,0.3080614515725485,1,
ANKZF1,,False,False,38,Stim8hr,0.4823064086841091,1,
COQ10B,,False,False,38,Stim48hr,0.4637755708472406,1,
DDX31,,False,False,38,Stim8hr,0.555182148293885,1,
EPS15L1,,False,False,38,Stim8hr,0.8888959896990096,1,
HDGFL3,,False,False,38,Stim48hr,0.5715387499399749,1,
JADE2,,False,False,38,Stim8hr,0.3463516921669368,1,
MDM4,,False,False,38,Stim8hr,0.3020572901254838,1,
MRM2,,False,False,38,Stim48hr,0.9154024828454832,1,
OSGEP,,False,False,38,Stim8hr,0.5433646433152378,1,
PPP2R5C,,False,False,38,Stim8hr,0.3993320275215066,1,
PRIMPOL,,False,False,38,Stim48hr,0.4719620783249962,1,
RAD21,,False,False,38,Stim48hr,0.3586700919628836,1,
TOE1,,False,False,38,Stim48hr,0.663336391565779,1,
ALG5,,False,False,37,Rest,0.3653187434252324,2,
ARHGEF5,,False,False,37,Stim8hr,0.6005875484091973,1,
DDX5,,False,False,37,Stim8hr,0.4377654506733767,1,
EI24,,False,False,37,Stim48hr,0.4370434262908806,1,
FADS1,,False,False,37,Rest,0.5844664233549176,2,
GPAA1,,False,False,37,Rest,0.5103541327946751,1,
KLF16,,False,False,37,Stim8hr,0.622996235946606,1,
MYSM1,,False,False,37,Stim8hr,0.845790025571208,1,
NDUFB10,,False,False,37,Rest,0.4575653091874712,1,
NUDT22,,False,False,37,Stim48hr,0.4825780242154456,1,
PRKCSH,,False,False,37,Stim8hr,0.3129292099153281,1,
QRICH1,,False,False,37,Rest,0.57524761721068,1,
SLAMF6,,False,False,37,Rest,0.9371700757692129,1,
ZBTB2,,False,False,37,Stim8hr,0.8325575303746501,1,
ATP13A3,,False,False,36,Stim48hr,0.8214509473943159,1,
FBXO2,,False,False,36,Rest,0.7439569720202673,1,
HTRA2,,False,False,36,Stim8hr,0.3834300961355587,1,
NKTR,,False,False,36,Stim8hr,0.8465083841044231,2,
NUDT19,,False,False,36,Stim48hr,0.5123084691873968,2,
SCAPER,,False,False,36,Stim48hr,0.7709493300461814,1,
SERF2,,False,False,36,Stim48hr,0.8479548386944958,1,
SYNCRIP,,False,False,36,Rest,0.3804353172812769,1,
TGIF1,,False,False,36,Stim8hr,0.8811375371874198,1,
TRIR,,False,False,36,Stim8hr,0.7311611737480609,1,
XPO6,,False,False,36,Rest,0.4004161294035388,1,
ZNF507,,False,False,36,Stim8hr,0.6314358202451037,1,
ATG3,,False,False,35,Stim48hr,0.7050651185575819,1,
B4GALT1,,False,False,35,Stim8hr,0.6333875362918217,1,
BAX,,False,False,35,Stim8hr,0.410187273466409,1,
BCORL1,,False,False,35,Stim48hr,0.4975997810869203,1,
DPH7,,False,False,35,Stim8hr,0.5051112163816652,1,
FOXRED1,,False,False,35,Stim48hr,0.4859876741573789,1,
FUNDC2,,False,False,35,Stim8hr,0.9091158608436392,1,
GOLGA5,,False,False,35,Rest,0.7332242080085297,1,
LOXL2,,False,False,35,Stim48hr,0.376578906642329,1,
LTBP4,,False,False,35,Rest,0.4681953521553914,1,
OTUD4,,False,False,35,Stim8hr,0.7729625945025824,1,
PEX16,,False,False,35,Rest,0.3556311703414201,1,
PLEKHH2,,False,False,35,Stim8hr,0.3019563837743757,1,
PUS3,,False,False,35,Rest,0.8794770171463009,1,
PYROXD1,,False,False,35,Stim48hr,0.4306456521413204,1,
SEPSECS,,False,False,35,Stim48hr,0.3523744954121446,1,
TBRG1,,False,False,35,Stim48hr,0.6261653369423753,1,
TIMP1,,False,False,35,Stim8hr,0.3698573434467814,1,
TPK1,,False,False,35,Stim8hr,0.4640327397100865,1,
XPOT,,False,False,35,Stim48hr,0.3094266290307966,1,
ZNF160,,False,False,35,Stim48hr,0.5590199846256593,1,
CALR,,False,False,34,Stim48hr,0.3397294384498082,1,
CCDC28B,,False,False,34,Stim8hr,0.5030327402391912,1,
ENTPD1,,False,False,34,Stim48hr,0.718687695583032,1,
HMGXB4,,False,False,34,Stim8hr,0.7712062316116707,1,
KNOP1,,False,False,34,Stim48hr,0.6896743604323148,1,
NUP35,,False,False,34,Stim48hr,0.8539829156483113,1,
PGBD2,,False,False,34,Stim8hr,0.5172277975672944,1,
POLDIP2,,False,False,34,Stim48hr,0.6363155920161795,1,
AAGAB,,False,False,33,Stim8hr,0.8784351742443004,1,
ANKRD10,,False,False,33,Stim8hr,0.3449957070675611,1,
BBX,,False,False,33,Stim48hr,0.7069047242140654,1,
CIR1,,False,False,33,Rest,0.8912681305735992,2,
CKAP2L,,False,False,33,Rest,0.406140000568337,1,
ITPKC,,False,False,33,Stim48hr,0.7365597200026879,1,
LMLN,,False,False,33,Stim48hr,0.7855381587168279,1,
ODC1,,False,False,33,Stim8hr,0.8359158880723365,1,
PHLPP2,,False,False,33,Stim8hr,0.4792311145978529,1,
POLE3,,False,False,33,Stim48hr,0.4252572026348402,1,
PRKCH,,False,False,33,Rest,0.6230744168843179,1,
SBDS,,False,False,33,Rest,0.4392882055012916,1,
STYX,,False,False,33,Stim8hr,0.7724391175823667,1,
TNFAIP3,,False,False,33,Stim8hr,0.6554464044584937,1,
TRIM28,,False,False,33,Stim48hr,0.4899463451509527,2,
ARFGEF1,,False,False,32,Stim8hr,0.4597380745624231,1,
DCAF6,,False,False,32,Stim8hr,0.4785910454697366,1,
DYNLL1,,False,False,32,Stim8hr,0.3891634303532352,1,
FRA10AC1,,False,False,32,Rest,0.3697423904533183,1,
IL3,,False,False,32,Stim8hr,0.9013807117868984,1,
PIK3CD,,False,False,32,Stim48hr,0.6238724541735975,1,
PJA2,,False,False,32,Stim8hr,0.4339716101479839,1,
SHC1,,False,False,32,Stim48hr,0.3546198825143151,1,
TANK,,False,False,32,Stim48hr,0.3048193654426332,1,
TTC14,,False,False,32,Stim8hr,0.3747237560413488,1,
ZBTB48,,False,False,32,Rest,0.8171934818637888,1,
ATG101,,False,False,31,Stim48hr,0.6136014821469703,1,
CEP83,,False,False,31,Stim48hr,0.5628211064741951,1,
FAM120A,,False,False,31,Rest,0.7782636301060725,1,
GNB1,,False,False,31,Stim8hr,0.5452250870360875,1,
HSPA8,,False,False,31,Rest,0.4511899694488765,1,
MUS81,,False,False,31,Stim8hr,0.5538362483087667,1,
SLTM,,False,False,31,Rest,0.4576430335488617,2,
VPS26B,,False,False,31,Stim48hr,0.7224841140532653,1,
WIPI2,,False,False,31,Rest,0.6089227683452306,1,
APPBP2,,False,False,30,Rest,0.8459035916780318,1,
ARL14EP,,False,False,30,Stim48hr,0.6750996233424728,1,
CCAR2,,False,False,30,Stim8hr,0.4733887887195455,1,
CKS1B,,False,False,30,Stim48hr,0.6005667407377694,1,
CTSZ,,False,False,30,Stim8hr,0.3201616213071511,1,
EEF1E1,,False,False,30,Stim8hr,0.80289995529242,1,
FAM131A,,False,False,30,Rest,0.325799630205342,1,
FGD3,,False,False,30,Stim48hr,0.8463344838878548,1,
HOMER1,,False,False,30,Stim48hr,0.6666480691525852,1,
MAIP1,,False,False,30,Stim8hr,0.6851174426109915,1,
MXI1,,False,False,30,Stim48hr,0.4679781526467145,1,
PAN2,,False,False,30,Stim8hr,0.8295420749690251,1,
PRMT9,,False,False,30,Stim48hr,0.5902072036775189,1,
RASA3,,False,False,30,Stim48hr,0.5706583085090228,1,
REEP3,,False,False,30,Stim48hr,0.5919073555834862,1,
RNF41,,False,False,30,Stim48hr,0.5050567514386025,1,
SEC22A,,False,False,30,Stim8hr,0.4513430842408032,1,
TMEM259,,False,False,30,Rest,0.380272285130787,1,
UBE2D3,,False,False,30,Stim48hr,0.3877923106268968,1,
